4 0 4 6 6
5 0 6 -6 6
6 0 8 6 6
6 1 8 24 24
7 0 10 -6 6
7 1 10 -6 6
7 2 10 -6 6
7 3 10 -30 30
7 4 10 -24 24
8 0 12 6 6
8 1 12 6 6
8 2 12 6 6
8 3 12 6 6
8 4 12 6 6
8 5 12 6 6
8 6 12 72 72
8 7 12 6 6
8 8 12 30 30
8 9 12 24 24
8 10 12 24 24
8 11 12 24 24
8 12 12 24 24
8 13 12 18 18
9 0 14 -6 6
9 1 14 -6 6
9 2 14 -6 6
9 3 14 -6 6
9 4 14 -6 6
9 5 14 -6 6
9 6 14 -6 6
9 7 14 -6 6
9 8 14 -6 6
9 9 14 -6 6
9 10 14 -6 6
9 11 14 -6 6
9 12 14 -6 6
9 13 14 -6 6
9 14 14 -6 6
9 15 14 -6 6
9 16 14 -6 6
9 17 14 -6 6
9 18 14 -6 6
9 19 14 -6 6
9 20 14 -6 6
9 21 14 -6 6
9 22 14 -6 6
9 23 14 -6 6
9 24 14 -126 126
9 25 14 -72 72
9 26 14 -30 30
9 27 14 -30 30
9 28 14 -30 30
9 29 14 -30 30
9 30 14 -30 30
9 31 14 -30 30
9 32 14 -30 30
9 33 14 -36 36
9 34 14 -24 24
9 35 14 -24 24
9 36 14 -24 24
9 37 14 -24 24
9 38 14 -24 24
9 39 14 -96 96
9 40 14 -54 54
9 41 14 -24 24
9 42 14 -24 24
9 43 14 -24 24
9 44 14 -24 24
9 45 14 -24 24
9 46 14 -24 24
9 47 14 -18 18
9 48 14 -18 18
9 49 14 -12 12
10 0 16 6 6
10 1 16 6 6
10 2 16 6 6
10 3 16 6 6
10 4 16 6 6
10 5 16 6 6
10 6 16 6 6
10 7 16 6 6
10 8 16 6 6
10 9 16 6 6
10 10 16 6 6
10 11 16 6 6
10 12 16 6 6
10 13 16 6 6
10 14 16 6 6
10 15 16 6 6
10 16 16 6 6
10 17 16 6 6
10 18 16 6 6
10 19 16 6 6
10 20 16 6 6
10 21 16 6 6
10 22 16 6 6
10 23 16 6 6
10 24 16 6 6
10 25 16 6 6
10 26 16 6 6
10 27 16 6 6
10 28 16 6 6
10 29 16 6 6
10 30 16 6 6
10 31 16 6 6
10 32 16 6 6
10 33 16 6 6
10 34 16 6 6
10 35 16 6 6
10 36 16 6 6
10 37 16 6 6
10 38 16 6 6
10 39 16 6 6
10 40 16 6 6
10 41 16 6 6
10 42 16 6 6
10 43 16 6 6
10 44 16 6 6
10 45 16 6 6
10 46 16 6 6
10 47 16 6 6
10 48 16 6 6
10 49 16 6 6
10 50 16 6 6
10 51 16 6 6
10 52 16 6 6
10 53 16 6 6
10 54 16 6 6
10 55 16 6 6
10 56 16 6 6
10 57 16 6 6
10 58 16 6 6
10 59 16 6 6
10 60 16 6 6
10 61 16 6 6
10 62 16 6 6
10 63 16 6 6
10 64 16 6 6
10 65 16 6 6
10 66 16 6 6
10 67 16 6 6
10 68 16 6 6
10 69 16 6 6
10 70 16 6 6
10 71 16 6 6
10 72 16 6 6
10 73 16 6 6
10 74 16 6 6
10 75 16 6 6
10 76 16 6 6
10 77 16 6 6
10 78 16 6 6
10 79 16 6 6
10 80 16 6 6
10 81 16 6 6
10 82 16 6 6
10 83 16 6 6
10 84 16 6 6
10 85 16 6 6
10 86 16 6 6
10 87 16 6 6
10 88 16 6 6
10 89 16 6 6
10 90 16 6 6
10 91 16 6 6
10 92 16 6 6
10 93 16 264 264
10 94 16 126 126
10 95 16 72 72
10 96 16 72 72
10 97 16 72 72
10 98 16 72 72
10 99 16 72 72
10 100 16 72 72
10 101 16 72 72
10 102 16 72 72
10 103 16 72 72
10 104 16 42 42
10 105 16 30 30
10 106 16 30 30
10 107 16 30 30
10 108 16 30 30
10 109 16 30 30
10 110 16 30 30
10 111 16 120 120
10 112 16 30 30
10 113 16 30 30
10 114 16 30 30
10 115 16 30 30
10 116 16 30 30
10 117 16 30 30
10 118 16 30 30
10 119 16 30 30
10 120 16 30 30
10 121 16 30 30
10 122 16 30 30
10 123 16 30 30
10 124 16 30 30
10 125 16 30 30
10 126 16 30 30
10 127 16 30 30
10 128 16 168 168
10 129 16 30 30
10 130 16 30 30
10 131 16 30 30
10 132 16 30 30
10 133 16 30 30
10 134 16 30 30
10 135 16 30 30
10 136 16 36 36
10 137 16 36 36
10 138 16 36 36
10 139 16 36 36
10 140 16 36 36
10 141 16 36 36
10 142 16 24 24
10 143 16 24 24
10 144 16 24 24
10 145 16 24 24
10 146 16 24 24
10 147 16 24 24
10 148 16 24 24
10 149 16 24 24
10 150 16 24 24
10 151 16 24 24
10 152 16 24 24
10 153 16 24 24
10 154 16 24 24
10 155 16 24 24
10 156 16 24 24
10 157 16 96 96
10 158 16 24 24
10 159 16 66 66
10 160 16 24 24
10 161 16 24 24
10 162 16 24 24
10 163 16 24 24
10 164 16 24 24
10 165 16 24 24
10 166 16 24 24
10 167 16 24 24
10 168 16 24 24
10 169 16 24 24
10 170 16 96 96
10 171 16 96 96
10 172 16 96 96
10 173 16 54 54
10 174 16 54 54
10 175 16 54 54
10 176 16 54 54
10 177 16 84 84
10 178 16 24 24
10 179 16 24 24
10 180 16 24 24
10 181 16 24 24
10 182 16 24 24
10 183 16 24 24
10 184 16 24 24
10 185 16 24 24
10 186 16 24 24
10 187 16 24 24
10 188 16 24 24
10 189 16 24 24
10 190 16 24 24
10 191 16 24 24
10 192 16 24 24
10 193 16 24 24
10 194 16 24 24
10 195 16 24 24
10 196 16 24 24
10 197 16 24 24
10 198 16 24 24
10 199 16 24 24
10 200 16 24 24
10 201 16 24 24
10 202 16 24 24
10 203 16 24 24
10 204 16 24 24
10 205 16 24 24
10 206 16 24 24
10 207 16 24 24
10 208 16 24 24
10 209 16 18 18
10 210 16 18 18
10 211 16 18 18
10 212 16 18 18
10 213 16 18 18
10 214 16 18 18
10 215 16 18 18
10 216 16 18 18
10 217 16 18 18
10 218 16 18 18
10 219 16 18 18
10 220 16 18 18
10 221 16 18 18
10 222 16 18 18
10 223 16 18 18
10 224 16 18 18
10 225 16 18 18
10 226 16 30 30
10 227 16 84 84
10 228 16 78 78
10 229 16 12 12
10 230 16 12 12
10 231 16 12 12
10 232 16 48 48
11 0 18 -6 6
11 1 18 -6 6
11 2 18 -6 6
11 3 18 -6 6
11 4 18 -6 6
11 5 18 -6 6
11 6 18 -6 6
11 7 18 -6 6
11 8 18 -6 6
11 9 18 -6 6
11 10 18 -6 6
11 11 18 -6 6
11 12 18 -6 6
11 13 18 -6 6
11 14 18 -6 6
11 15 18 -6 6
11 16 18 -6 6
11 17 18 -6 6
11 18 18 -6 6
11 19 18 -6 6
11 20 18 -6 6
11 21 18 -6 6
11 22 18 -6 6
11 23 18 -6 6
11 24 18 -6 6
11 25 18 -6 6
11 26 18 -6 6
11 27 18 -6 6
11 28 18 -6 6
11 29 18 -6 6
11 30 18 -6 6
11 31 18 -6 6
11 32 18 -6 6
11 33 18 -6 6
11 34 18 -6 6
11 35 18 -6 6
11 36 18 -6 6
11 37 18 -6 6
11 38 18 -6 6
11 39 18 -6 6
11 40 18 -6 6
11 41 18 -6 6
11 42 18 -6 6
11 43 18 -6 6
11 44 18 -6 6
11 45 18 -6 6
11 46 18 -6 6
11 47 18 -6 6
11 48 18 -6 6
11 49 18 -6 6
11 50 18 -6 6
11 51 18 -6 6
11 52 18 -6 6
11 53 18 -6 6
11 54 18 -6 6
11 55 18 -6 6
11 56 18 -6 6
11 57 18 -6 6
11 58 18 -6 6
11 59 18 -6 6
11 60 18 -6 6
11 61 18 -6 6
11 62 18 -6 6
11 63 18 -6 6
11 64 18 -6 6
11 65 18 -6 6
11 66 18 -6 6
11 67 18 -6 6
11 68 18 -6 6
11 69 18 -6 6
11 70 18 -6 6
11 71 18 -6 6
11 72 18 -6 6
11 73 18 -6 6
11 74 18 -6 6
11 75 18 -6 6
11 76 18 -6 6
11 77 18 -6 6
11 78 18 -6 6
11 79 18 -6 6
11 80 18 -6 6
11 81 18 -6 6
11 82 18 -6 6
11 83 18 -6 6
11 84 18 -6 6
11 85 18 -6 6
11 86 18 -6 6
11 87 18 -6 6
11 88 18 -6 6
11 89 18 -6 6
11 90 18 -6 6
11 91 18 -6 6
11 92 18 -6 6
11 93 18 -6 6
11 94 18 -6 6
11 95 18 -6 6
11 96 18 -6 6
11 97 18 -6 6
11 98 18 -6 6
11 99 18 -6 6
11 100 18 -6 6
11 101 18 -6 6
11 102 18 -6 6
11 103 18 -6 6
11 104 18 -6 6
11 105 18 -6 6
11 106 18 -6 6
11 107 18 -6 6
11 108 18 -6 6
11 109 18 -6 6
11 110 18 -6 6
11 111 18 -6 6
11 112 18 -6 6
11 113 18 -6 6
11 114 18 -6 6
11 115 18 -6 6
11 116 18 -6 6
11 117 18 -6 6
11 118 18 -6 6
11 119 18 -6 6
11 120 18 -6 6
11 121 18 -6 6
11 122 18 -6 6
11 123 18 -6 6
11 124 18 -6 6
11 125 18 -6 6
11 126 18 -6 6
11 127 18 -6 6
11 128 18 -6 6
11 129 18 -6 6
11 130 18 -6 6
11 131 18 -6 6
11 132 18 -6 6
11 133 18 -6 6
11 134 18 -6 6
11 135 18 -6 6
11 136 18 -6 6
11 137 18 -6 6
11 138 18 -6 6
11 139 18 -6 6
11 140 18 -6 6
11 141 18 -6 6
11 142 18 -6 6
11 143 18 -6 6
11 144 18 -6 6
11 145 18 -6 6
11 146 18 -6 6
11 147 18 -6 6
11 148 18 -6 6
11 149 18 -6 6
11 150 18 -6 6
11 151 18 -6 6
11 152 18 -6 6
11 153 18 -6 6
11 154 18 -6 6
11 155 18 -6 6
11 156 18 -6 6
11 157 18 -6 6
11 158 18 -6 6
11 159 18 -6 6
11 160 18 -6 6
11 161 18 -6 6
11 162 18 -6 6
11 163 18 -6 6
11 164 18 -6 6
11 165 18 -6 6
11 166 18 -6 6
11 167 18 -6 6
11 168 18 -6 6
11 169 18 -6 6
11 170 18 -6 6
11 171 18 -6 6
11 172 18 -6 6
11 173 18 -6 6
11 174 18 -6 6
11 175 18 -6 6
11 176 18 -6 6
11 177 18 -6 6
11 178 18 -6 6
11 179 18 -6 6
11 180 18 -6 6
11 181 18 -6 6
11 182 18 -6 6
11 183 18 -6 6
11 184 18 -6 6
11 185 18 -6 6
11 186 18 -6 6
11 187 18 -6 6
11 188 18 -6 6
11 189 18 -6 6
11 190 18 -6 6
11 191 18 -6 6
11 192 18 -6 6
11 193 18 -6 6
11 194 18 -6 6
11 195 18 -6 6
11 196 18 -6 6
11 197 18 -6 6
11 198 18 -6 6
11 199 18 -6 6
11 200 18 -6 6
11 201 18 -6 6
11 202 18 -6 6
11 203 18 -6 6
11 204 18 -6 6
11 205 18 -6 6
11 206 18 -6 6
11 207 18 -6 6
11 208 18 -6 6
11 209 18 -6 6
11 210 18 -6 6
11 211 18 -6 6
11 212 18 -6 6
11 213 18 -6 6
11 214 18 -6 6
11 215 18 -6 6
11 216 18 -6 6
11 217 18 -6 6
11 218 18 -6 6
11 219 18 -6 6
11 220 18 -6 6
11 221 18 -6 6
11 222 18 -6 6
11 223 18 -6 6
11 224 18 -6 6
11 225 18 -6 6
11 226 18 -6 6
11 227 18 -6 6
11 228 18 -6 6
11 229 18 -6 6
11 230 18 -6 6
11 231 18 -6 6
11 232 18 -6 6
11 233 18 -6 6
11 234 18 -6 6
11 235 18 -6 6
11 236 18 -6 6
11 237 18 -6 6
11 238 18 -6 6
11 239 18 -6 6
11 240 18 -6 6
11 241 18 -6 6
11 242 18 -6 6
11 243 18 -6 6
11 244 18 -6 6
11 245 18 -6 6
11 246 18 -6 6
11 247 18 -6 6
11 248 18 -6 6
11 249 18 -6 6
11 250 18 -6 6
11 251 18 -6 6
11 252 18 -6 6
11 253 18 -6 6
11 254 18 -6 6
11 255 18 -6 6
11 256 18 -6 6
11 257 18 -6 6
11 258 18 -6 6
11 259 18 -6 6
11 260 18 -6 6
11 261 18 -6 6
11 262 18 -6 6
11 263 18 -6 6
11 264 18 -6 6
11 265 18 -6 6
11 266 18 -6 6
11 267 18 -6 6
11 268 18 -6 6
11 269 18 -6 6
11 270 18 -6 6
11 271 18 -6 6
11 272 18 -6 6
11 273 18 -6 6
11 274 18 -6 6
11 275 18 -6 6
11 276 18 -6 6
11 277 18 -6 6
11 278 18 -6 6
11 279 18 -6 6
11 280 18 -6 6
11 281 18 -6 6
11 282 18 -6 6
11 283 18 -6 6
11 284 18 -6 6
11 285 18 -6 6
11 286 18 -6 6
11 287 18 -6 6
11 288 18 -6 6
11 289 18 -6 6
11 290 18 -6 6
11 291 18 -6 6
11 292 18 -6 6
11 293 18 -6 6
11 294 18 -6 6
11 295 18 -6 6
11 296 18 -6 6
11 297 18 -6 6
11 298 18 -6 6
11 299 18 -6 6
11 300 18 -6 6
11 301 18 -6 6
11 302 18 -6 6
11 303 18 -6 6
11 304 18 -6 6
11 305 18 -6 6
11 306 18 -6 6
11 307 18 -6 6
11 308 18 -6 6
11 309 18 -6 6
11 310 18 -6 6
11 311 18 -6 6
11 312 18 -6 6
11 313 18 -6 6
11 314 18 -6 6
11 315 18 -6 6
11 316 18 -6 6
11 317 18 -6 6
11 318 18 -6 6
11 319 18 -6 6
11 320 18 -6 6
11 321 18 -6 6
11 322 18 -6 6
11 323 18 -6 6
11 324 18 -6 6
11 325 18 -6 6
11 326 18 -6 6
11 327 18 -6 6
11 328 18 -6 6
11 329 18 -6 6
11 330 18 -6 6
11 331 18 -6 6
11 332 18 -6 6
11 333 18 -6 6
11 334 18 -6 6
11 335 18 -6 6
11 336 18 -6 6
11 337 18 -6 6
11 338 18 -6 6
11 339 18 -6 6
11 340 18 -6 6
11 341 18 -6 6
11 342 18 -6 6
11 343 18 -6 6
11 344 18 -6 6
11 345 18 -6 6
11 346 18 -6 6
11 347 18 -6 6
11 348 18 -6 6
11 349 18 -6 6
11 350 18 -6 6
11 351 18 -6 6
11 352 18 -6 6
11 353 18 -6 6
11 354 18 -6 6
11 355 18 -6 6
11 356 18 -6 6
11 357 18 -6 6
11 358 18 -6 6
11 359 18 -6 6
11 360 18 -6 6
11 361 18 -6 6
11 362 18 -6 6
11 363 18 -6 6
11 364 18 -6 6
11 365 18 -6 6
11 366 18 -6 6
11 367 18 -6 6
11 368 18 -6 6
11 369 18 -6 6
11 370 18 -6 6
11 371 18 -6 6
11 372 18 -6 6
11 373 18 -6 6
11 374 18 -6 6
11 375 18 -6 6
11 376 18 -6 6
11 377 18 -6 6
11 378 18 -6 6
11 379 18 -6 6
11 380 18 -6 6
11 381 18 -6 6
11 382 18 -6 6
11 383 18 -6 6
11 384 18 -6 6
11 385 18 -6 6
11 386 18 -6 6
11 387 18 -6 6
11 388 18 -6 6
11 389 18 -6 6
11 390 18 -6 6
11 391 18 -6 6
11 392 18 -6 6
11 393 18 -6 6
11 394 18 -6 6
11 395 18 -6 6
11 396 18 -6 6
11 397 18 -6 6
11 398 18 -6 6
11 399 18 -6 6
11 400 18 -6 6
11 401 18 -6 6
11 402 18 -6 6
11 403 18 -6 6
11 404 18 -6 6
11 405 18 -6 6
11 406 18 -6 6
11 407 18 -6 6
11 408 18 -6 6
11 409 18 -6 6
11 410 18 -6 6
11 411 18 -6 6
11 412 18 -6 6
11 413 18 -6 6
11 414 18 -6 6
11 415 18 -6 6
11 416 18 -6 6
11 417 18 -6 6
11 418 18 -510 510
11 419 18 -6 6
11 420 18 -6 6
11 421 18 -6 6
11 422 18 -6 6
11 423 18 -6 6
11 424 18 -6 6
11 425 18 -6 6
11 426 18 -6 6
11 427 18 -6 6
11 428 18 -6 6
11 429 18 -6 6
11 430 18 -6 6
11 431 18 -6 6
11 432 18 -6 6
11 433 18 -6 6
11 434 18 -6 6
11 435 18 -264 264
11 436 18 -126 126
11 437 18 -126 126
11 438 18 -126 126
11 439 18 -126 126
11 440 18 -126 126
11 441 18 -126 126
11 442 18 -126 126
11 443 18 -126 126
11 444 18 -126 126
11 445 18 -84 84
11 446 18 -72 72
11 447 18 -72 72
11 448 18 -72 72
11 449 18 -72 72
11 450 18 -72 72
11 451 18 -72 72
11 452 18 -72 72
11 453 18 -72 72
11 454 18 -72 72
11 455 18 -72 72
11 456 18 -72 72
11 457 18 -72 72
11 458 18 -72 72
11 459 18 -288 288
11 460 18 -72 72
11 461 18 -72 72
11 462 18 -72 72
11 463 18 -72 72
11 464 18 -72 72
11 465 18 -72 72
11 466 18 -72 72
11 467 18 -72 72
11 468 18 -72 72
11 469 18 -72 72
11 470 18 -78 78
11 471 18 -72 72
11 472 18 -72 72
11 473 18 -72 72
11 474 18 -72 72
11 475 18 -72 72
11 476 18 -72 72
11 477 18 -72 72
11 478 18 -72 72
11 479 18 -72 72
11 480 18 -72 72
11 481 18 -72 72
11 482 18 -72 72
11 483 18 -72 72
11 484 18 -72 72
11 485 18 -42 42
11 486 18 -42 42
11 487 18 -42 42
11 488 18 -42 42
11 489 18 -42 42
11 490 18 -42 42
11 491 18 -42 42
11 492 18 -42 42
11 493 18 -42 42
11 494 18 -30 30
11 495 18 -30 30
11 496 18 -30 30
11 497 18 -30 30
11 498 18 -30 30
11 499 18 -30 30
11 500 18 -30 30
11 501 18 -30 30
11 502 18 -30 30
11 503 18 -120 120
11 504 18 -30 30
11 505 18 -30 30
11 506 18 -30 30
11 507 18 -30 30
11 508 18 -30 30
11 509 18 -30 30
11 510 18 -30 30
11 511 18 -150 150
11 512 18 -30 30
11 513 18 -30 30
11 514 18 -30 30
11 515 18 -30 30
11 516 18 -30 30
11 517 18 -30 30
11 518 18 -30 30
11 519 18 -30 30
11 520 18 -30 30
11 521 18 -30 30
11 522 18 -30 30
11 523 18 -30 30
11 524 18 -30 30
11 525 18 -30 30
11 526 18 -30 30
11 527 18 -30 30
11 528 18 -30 30
11 529 18 -30 30
11 530 18 -30 30
11 531 18 -30 30
11 532 18 -30 30
11 533 18 -30 30
11 534 18 -30 30
11 535 18 -30 30
11 536 18 -30 30
11 537 18 -30 30
11 538 18 -30 30
11 539 18 -30 30
11 540 18 -30 30
11 541 18 -30 30
11 542 18 -30 30
11 543 18 -30 30
11 544 18 -30 30
11 545 18 -30 30
11 546 18 -30 30
11 547 18 -30 30
11 548 18 -30 30
11 549 18 -30 30
11 550 18 -30 30
11 551 18 -30 30
11 552 18 -120 120
11 553 18 -120 120
11 554 18 -120 120
11 555 18 -120 120
11 556 18 -120 120
11 557 18 -120 120
11 558 18 -120 120
11 559 18 -120 120
11 560 18 -120 120
11 561 18 -120 120
11 562 18 -30 30
11 563 18 -30 30
11 564 18 -30 30
11 565 18 -30 30
11 566 18 -30 30
11 567 18 -30 30
11 568 18 -30 30
11 569 18 -30 30
11 570 18 -30 30
11 571 18 -30 30
11 572 18 -30 30
11 573 18 -30 30
11 574 18 -30 30
11 575 18 -30 30
11 576 18 -30 30
11 577 18 -30 30
11 578 18 -30 30
11 579 18 -30 30
11 580 18 -30 30
11 581 18 -120 120
11 582 18 -30 30
11 583 18 -246 246
11 584 18 -30 30
11 585 18 -30 30
11 586 18 -30 30
11 587 18 -30 30
11 588 18 -30 30
11 589 18 -30 30
11 590 18 -30 30
11 591 18 -30 30
11 592 18 -30 30
11 593 18 -30 30
11 594 18 -30 30
11 595 18 -30 30
11 596 18 -30 30
11 597 18 -150 150
11 598 18 -30 30
11 599 18 -30 30
11 600 18 -30 30
11 601 18 -30 30
11 602 18 -30 30
11 603 18 -30 30
11 604 18 -30 30
11 605 18 -30 30
11 606 18 -30 30
11 607 18 -30 30
11 608 18 -30 30
11 609 18 -30 30
11 610 18 -30 30
11 611 18 -30 30
11 612 18 -30 30
11 613 18 -30 30
11 614 18 -30 30
11 615 18 -30 30
11 616 18 -30 30
11 617 18 -30 30
11 618 18 -30 30
11 619 18 -30 30
11 620 18 -30 30
11 621 18 -30 30
11 622 18 -30 30
11 623 18 -30 30
11 624 18 -30 30
11 625 18 -30 30
11 626 18 -30 30
11 627 18 -30 30
11 628 18 -30 30
11 629 18 -30 30
11 630 18 -30 30
11 631 18 -30 30
11 632 18 -30 30
11 633 18 -30 30
11 634 18 -30 30
11 635 18 -30 30
11 636 18 -30 30
11 637 18 -30 30
11 638 18 -30 30
11 639 18 -30 30
11 640 18 -30 30
11 641 18 -30 30
11 642 18 -30 30
11 643 18 -30 30
11 644 18 -30 30
11 645 18 -30 30
11 646 18 -30 30
11 647 18 -30 30
11 648 18 -30 30
11 649 18 -30 30
11 650 18 -30 30
11 651 18 -30 30
11 652 18 -30 30
11 653 18 -168 168
11 654 18 -168 168
11 655 18 -30 30
11 656 18 -30 30
11 657 18 -30 30
11 658 18 -30 30
11 659 18 -30 30
11 660 18 -30 30
11 661 18 -30 30
11 662 18 -30 30
11 663 18 -30 30
11 664 18 -30 30
11 665 18 -30 30
11 666 18 -30 30
11 667 18 -30 30
11 668 18 -30 30
11 669 18 -30 30
11 670 18 -30 30
11 671 18 -30 30
11 672 18 -30 30
11 673 18 -30 30
11 674 18 -30 30
11 675 18 -30 30
11 676 18 -30 30
11 677 18 -30 30
11 678 18 -30 30
11 679 18 -30 30
11 680 18 -30 30
11 681 18 -30 30
11 682 18 -30 30
11 683 18 -30 30
11 684 18 -30 30
11 685 18 -30 30
11 686 18 -30 30
11 687 18 -30 30
11 688 18 -30 30
11 689 18 -30 30
11 690 18 -30 30
11 691 18 -30 30
11 692 18 -30 30
11 693 18 -30 30
11 694 18 -30 30
11 695 18 -36 36
11 696 18 -36 36
11 697 18 -36 36
11 698 18 -36 36
11 699 18 -36 36
11 700 18 -36 36
11 701 18 -36 36
11 702 18 -36 36
11 703 18 -36 36
11 704 18 -36 36
11 705 18 -36 36
11 706 18 -36 36
11 707 18 -36 36
11 708 18 -36 36
11 709 18 -36 36
11 710 18 -36 36
11 711 18 -36 36
11 712 18 -36 36
11 713 18 -36 36
11 714 18 -36 36
11 715 18 -36 36
11 716 18 -36 36
11 717 18 -36 36
11 718 18 -36 36
11 719 18 -36 36
11 720 18 -36 36
11 721 18 -36 36
11 722 18 -36 36
11 723 18 -36 36
11 724 18 -78 78
11 725 18 -36 36
11 726 18 -36 36
11 727 18 -36 36
11 728 18 -36 36
11 729 18 -36 36
11 730 18 -36 36
11 731 18 -78 78
11 732 18 -24 24
11 733 18 -36 36
11 734 18 -36 36
11 735 18 -36 36
11 736 18 -36 36
11 737 18 -36 36
11 738 18 -36 36
11 739 18 -102 102
11 740 18 -240 240
11 741 18 -36 36
11 742 18 -36 36
11 743 18 -36 36
11 744 18 -36 36
11 745 18 -48 48
11 746 18 -24 24
11 747 18 -24 24
11 748 18 -24 24
11 749 18 -24 24
11 750 18 -24 24
11 751 18 -24 24
11 752 18 -24 24
11 753 18 -24 24
11 754 18 -24 24
11 755 18 -24 24
11 756 18 -24 24
11 757 18 -24 24
11 758 18 -24 24
11 759 18 -24 24
11 760 18 -24 24
11 761 18 -24 24
11 762 18 -24 24
11 763 18 -24 24
11 764 18 -24 24
11 765 18 -24 24
11 766 18 -24 24
11 767 18 -24 24
11 768 18 -24 24
11 769 18 -24 24
11 770 18 -24 24
11 771 18 -24 24
11 772 18 -24 24
11 773 18 -24 24
11 774 18 -24 24
11 775 18 -24 24
11 776 18 -24 24
11 777 18 -24 24
11 778 18 -24 24
11 779 18 -24 24
11 780 18 -24 24
11 781 18 -24 24
11 782 18 -24 24
11 783 18 -24 24
11 784 18 -24 24
11 785 18 -24 24
11 786 18 -24 24
11 787 18 -24 24
11 788 18 -24 24
11 789 18 -24 24
11 790 18 -96 96
11 791 18 -24 24
11 792 18 -24 24
11 793 18 -24 24
11 794 18 -24 24
11 795 18 -24 24
11 796 18 -24 24
11 797 18 -24 24
11 798 18 -24 24
11 799 18 -24 24
11 800 18 -24 24
11 801 18 -24 24
11 802 18 -24 24
11 803 18 -24 24
11 804 18 -24 24
11 805 18 -24 24
11 806 18 -24 24
11 807 18 -24 24
11 808 18 -24 24
11 809 18 -24 24
11 810 18 -24 24
11 811 18 -24 24
11 812 18 -24 24
11 813 18 -24 24
11 814 18 -24 24
11 815 18 -24 24
11 816 18 -24 24
11 817 18 -24 24
11 818 18 -24 24
11 819 18 -24 24
11 820 18 -24 24
11 821 18 -24 24
11 822 18 -24 24
11 823 18 -24 24
11 824 18 -24 24
11 825 18 -24 24
11 826 18 -24 24
11 827 18 -24 24
11 828 18 -24 24
11 829 18 -24 24
11 830 18 -24 24
11 831 18 -24 24
11 832 18 -24 24
11 833 18 -24 24
11 834 18 -24 24
11 835 18 -24 24
11 836 18 -24 24
11 837 18 -24 24
11 838 18 -24 24
11 839 18 -24 24
11 840 18 -24 24
11 841 18 -24 24
11 842 18 -24 24
11 843 18 -24 24
11 844 18 -24 24
11 845 18 -24 24
11 846 18 -24 24
11 847 18 -24 24
11 848 18 -24 24
11 849 18 -24 24
11 850 18 -24 24
11 851 18 -24 24
11 852 18 -24 24
11 853 18 -24 24
11 854 18 -24 24
11 855 18 -24 24
11 856 18 -24 24
11 857 18 -24 24
11 858 18 -24 24
11 859 18 -96 96
11 860 18 -24 24
11 861 18 -24 24
11 862 18 -24 24
11 863 18 -24 24
11 864 18 -24 24
11 865 18 -24 24
11 866 18 -24 24
11 867 18 -24 24
11 868 18 -24 24
11 869 18 -150 150
11 870 18 -96 96
11 871 18 -96 96
11 872 18 -96 96
11 873 18 -96 96
11 874 18 -96 96
11 875 18 -96 96
11 876 18 -24 24
11 877 18 -24 24
11 878 18 -24 24
11 879 18 -24 24
11 880 18 -66 66
11 881 18 -66 66
11 882 18 -66 66
11 883 18 -66 66
11 884 18 -66 66
11 885 18 -60 60
11 886 18 -24 24
11 887 18 -24 24
11 888 18 -24 24
11 889 18 -24 24
11 890 18 -24 24
11 891 18 -24 24
11 892 18 -24 24
11 893 18 -24 24
11 894 18 -24 24
11 895 18 -24 24
11 896 18 -24 24
11 897 18 -24 24
11 898 18 -24 24
11 899 18 -24 24
11 900 18 -24 24
11 901 18 -24 24
11 902 18 -24 24
11 903 18 -24 24
11 904 18 -24 24
11 905 18 -24 24
11 906 18 -24 24
11 907 18 -24 24
11 908 18 -24 24
11 909 18 -24 24
11 910 18 -24 24
11 911 18 -24 24
11 912 18 -24 24
11 913 18 -24 24
11 914 18 -24 24
11 915 18 -24 24
11 916 18 -24 24
11 917 18 -24 24
11 918 18 -24 24
11 919 18 -24 24
11 920 18 -96 96
11 921 18 -96 96
11 922 18 -96 96
11 923 18 -96 96
11 924 18 -96 96
11 925 18 -96 96
11 926 18 -96 96
11 927 18 -96 96
11 928 18 -96 96
11 929 18 -96 96
11 930 18 -96 96
11 931 18 -96 96
11 932 18 -96 96
11 933 18 -96 96
11 934 18 -96 96
11 935 18 -96 96
11 936 18 -96 96
11 937 18 -96 96
11 938 18 -96 96
11 939 18 -96 96
11 940 18 -60 60
11 941 18 -54 54
11 942 18 -54 54
11 943 18 -54 54
11 944 18 -54 54
11 945 18 -54 54
11 946 18 -54 54
11 947 18 -54 54
11 948 18 -54 54
11 949 18 -54 54
11 950 18 -54 54
11 951 18 -54 54
11 952 18 -54 54
11 953 18 -54 54
11 954 18 -54 54
11 955 18 -66 66
11 956 18 -54 54
11 957 18 -54 54
11 958 18 -54 54
11 959 18 -54 54
11 960 18 -54 54
11 961 18 -54 54
11 962 18 -54 54
11 963 18 -54 54
11 964 18 -54 54
11 965 18 -66 66
11 966 18 -54 54
11 967 18 -54 54
11 968 18 -54 54
11 969 18 -54 54
11 970 18 -54 54
11 971 18 -54 54
11 972 18 -54 54
11 973 18 -174 174
11 974 18 -48 48
11 975 18 -54 54
11 976 18 -54 54
11 977 18 -54 54
11 978 18 -54 54
11 979 18 -54 54
11 980 18 -54 54
11 981 18 -54 54
11 982 18 -54 54
11 983 18 -54 54
11 984 18 -84 84
11 985 18 -84 84
11 986 18 -84 84
11 987 18 -24 24
11 988 18 -24 24
11 989 18 -24 24
11 990 18 -24 24
11 991 18 -24 24
11 992 18 -24 24
11 993 18 -24 24
11 994 18 -24 24
11 995 18 -24 24
11 996 18 -24 24
11 997 18 -24 24
11 998 18 -24 24
11 999 18 -24 24
11 1000 18 -24 24
11 1001 18 -24 24
11 1002 18 -24 24
11 1003 18 -24 24
11 1004 18 -24 24
11 1005 18 -24 24
11 1006 18 -24 24
11 1007 18 -24 24
11 1008 18 -24 24
11 1009 18 -24 24
11 1010 18 -24 24
11 1011 18 -24 24
11 1012 18 -24 24
11 1013 18 -24 24
11 1014 18 -24 24
11 1015 18 -24 24
11 1016 18 -24 24
11 1017 18 -24 24
11 1018 18 -24 24
11 1019 18 -24 24
11 1020 18 -24 24
11 1021 18 -24 24
11 1022 18 -24 24
11 1023 18 -24 24
11 1024 18 -24 24
11 1025 18 -24 24
11 1026 18 -24 24
11 1027 18 -24 24
11 1028 18 -24 24
11 1029 18 -24 24
11 1030 18 -24 24
11 1031 18 -24 24
11 1032 18 -24 24
11 1033 18 -24 24
11 1034 18 -24 24
11 1035 18 -24 24
11 1036 18 -24 24
11 1037 18 -24 24
11 1038 18 -24 24
11 1039 18 -24 24
11 1040 18 -24 24
11 1041 18 -24 24
11 1042 18 -24 24
11 1043 18 -24 24
11 1044 18 -24 24
11 1045 18 -24 24
11 1046 18 -24 24
11 1047 18 -24 24
11 1048 18 -24 24
11 1049 18 -24 24
11 1050 18 -24 24
11 1051 18 -24 24
11 1052 18 -24 24
11 1053 18 -24 24
11 1054 18 -24 24
11 1055 18 -24 24
11 1056 18 -24 24
11 1057 18 -24 24
11 1058 18 -24 24
11 1059 18 -24 24
11 1060 18 -24 24
11 1061 18 -24 24
11 1062 18 -24 24
11 1063 18 -24 24
11 1064 18 -24 24
11 1065 18 -24 24
11 1066 18 -24 24
11 1067 18 -24 24
11 1068 18 -24 24
11 1069 18 -24 24
11 1070 18 -24 24
11 1071 18 -24 24
11 1072 18 -24 24
11 1073 18 -24 24
11 1074 18 -24 24
11 1075 18 -24 24
11 1076 18 -24 24
11 1077 18 -24 24
11 1078 18 -24 24
11 1079 18 -24 24
11 1080 18 -24 24
11 1081 18 -24 24
11 1082 18 -24 24
11 1083 18 -24 24
11 1084 18 -24 24
11 1085 18 -24 24
11 1086 18 -24 24
11 1087 18 -24 24
11 1088 18 -24 24
11 1089 18 -24 24
11 1090 18 -24 24
11 1091 18 -24 24
11 1092 18 -24 24
11 1093 18 -24 24
11 1094 18 -24 24
11 1095 18 -24 24
11 1096 18 -24 24
11 1097 18 -24 24
11 1098 18 -18 18
11 1099 18 -18 18
11 1100 18 -18 18
11 1101 18 -18 18
11 1102 18 -18 18
11 1103 18 -18 18
11 1104 18 -18 18
11 1105 18 -18 18
11 1106 18 -72 72
11 1107 18 -18 18
11 1108 18 -18 18
11 1109 18 -18 18
11 1110 18 -18 18
11 1111 18 -18 18
11 1112 18 -18 18
11 1113 18 -18 18
11 1114 18 -18 18
11 1115 18 -18 18
11 1116 18 -18 18
11 1117 18 -132 132
11 1118 18 -18 18
11 1119 18 -18 18
11 1120 18 -18 18
11 1121 18 -18 18
11 1122 18 -18 18
11 1123 18 -18 18
11 1124 18 -18 18
11 1125 18 -18 18
11 1126 18 -18 18
11 1127 18 -18 18
11 1128 18 -18 18
11 1129 18 -18 18
11 1130 18 -18 18
11 1131 18 -18 18
11 1132 18 -18 18
11 1133 18 -18 18
11 1134 18 -18 18
11 1135 18 -174 174
11 1136 18 -18 18
11 1137 18 -18 18
11 1138 18 -18 18
11 1139 18 -18 18
11 1140 18 -18 18
11 1141 18 -18 18
11 1142 18 -18 18
11 1143 18 -18 18
11 1144 18 -18 18
11 1145 18 -18 18
11 1146 18 -18 18
11 1147 18 -18 18
11 1148 18 -18 18
11 1149 18 -18 18
11 1150 18 -18 18
11 1151 18 -18 18
11 1152 18 -18 18
11 1153 18 -18 18
11 1154 18 -18 18
11 1155 18 -18 18
11 1156 18 -18 18
11 1157 18 -36 36
11 1158 18 -18 18
11 1159 18 -18 18
11 1160 18 -18 18
11 1161 18 -18 18
11 1162 18 -18 18
11 1163 18 -18 18
11 1164 18 -18 18
11 1165 18 -18 18
11 1166 18 -18 18
11 1167 18 -18 18
11 1168 18 -18 18
11 1169 18 -18 18
11 1170 18 -18 18
11 1171 18 -18 18
11 1172 18 -18 18
11 1173 18 -18 18
11 1174 18 -18 18
11 1175 18 -18 18
11 1176 18 -18 18
11 1177 18 -18 18
11 1178 18 -18 18
11 1179 18 -18 18
11 1180 18 -72 72
11 1181 18 -18 18
11 1182 18 -18 18
11 1183 18 -18 18
11 1184 18 -18 18
11 1185 18 -18 18
11 1186 18 -18 18
11 1187 18 -18 18
11 1188 18 -18 18
11 1189 18 -18 18
11 1190 18 -18 18
11 1191 18 -18 18
11 1192 18 -18 18
11 1193 18 -18 18
11 1194 18 -18 18
11 1195 18 -18 18
11 1196 18 -18 18
11 1197 18 -18 18
11 1198 18 -18 18
11 1199 18 -18 18
11 1200 18 -18 18
11 1201 18 -18 18
11 1202 18 -30 30
11 1203 18 -30 30
11 1204 18 -30 30
11 1205 18 -30 30
11 1206 18 -30 30
11 1207 18 -30 30
11 1208 18 -30 30
11 1209 18 -30 30
11 1210 18 -42 42
11 1211 18 -60 60
11 1212 18 -84 84
11 1213 18 -84 84
11 1214 18 -84 84
11 1215 18 -84 84
11 1216 18 -84 84
11 1217 18 -78 78
11 1218 18 -78 78
11 1219 18 -78 78
11 1220 18 -78 78
11 1221 18 -78 78
11 1222 18 -78 78
11 1223 18 -78 78
11 1224 18 -78 78
11 1225 18 -12 12
11 1226 18 -12 12
11 1227 18 -12 12
11 1228 18 -12 12
11 1229 18 -12 12
11 1230 18 -12 12
11 1231 18 -12 12
11 1232 18 -12 12
11 1233 18 -12 12
11 1234 18 -54 54
11 1235 18 -12 12
11 1236 18 -12 12
11 1237 18 -12 12
11 1238 18 -12 12
11 1239 18 -12 12
11 1240 18 -12 12
11 1241 18 -12 12
11 1242 18 -12 12
11 1243 18 -60 60
11 1244 18 -12 12
11 1245 18 -12 12
11 1246 18 -96 96
11 1247 18 -48 48
11 1248 18 -48 48
12 0 20 6 6
12 1 20 6 6
12 2 20 6 6
12 3 20 6 6
12 4 20 6 6
12 5 20 6 6
12 6 20 6 6
12 7 20 6 6
12 8 20 6 6
12 9 20 6 6
12 10 20 6 6
12 11 20 6 6
12 12 20 6 6
12 13 20 6 6
12 14 20 6 6
12 15 20 6 6
12 16 20 6 6
12 17 20 6 6
12 18 20 6 6
12 19 20 6 6
12 20 20 6 6
12 21 20 6 6
12 22 20 6 6
12 23 20 6 6
12 24 20 6 6
12 25 20 6 6
12 26 20 6 6
12 27 20 6 6
12 28 20 6 6
12 29 20 6 6
12 30 20 6 6
12 31 20 6 6
12 32 20 6 6
12 33 20 6 6
12 34 20 6 6
12 35 20 6 6
12 36 20 6 6
12 37 20 6 6
12 38 20 6 6
12 39 20 6 6
12 40 20 6 6
12 41 20 6 6
12 42 20 6 6
12 43 20 6 6
12 44 20 6 6
12 45 20 6 6
12 46 20 6 6
12 47 20 6 6
12 48 20 6 6
12 49 20 6 6
12 50 20 6 6
12 51 20 6 6
12 52 20 6 6
12 53 20 6 6
12 54 20 6 6
12 55 20 6 6
12 56 20 6 6
12 57 20 6 6
12 58 20 6 6
12 59 20 6 6
12 60 20 6 6
12 61 20 6 6
12 62 20 6 6
12 63 20 6 6
12 64 20 6 6
12 65 20 6 6
12 66 20 6 6
12 67 20 6 6
12 68 20 6 6
12 69 20 6 6
12 70 20 6 6
12 71 20 6 6
12 72 20 6 6
12 73 20 6 6
12 74 20 6 6
12 75 20 6 6
12 76 20 6 6
12 77 20 6 6
12 78 20 6 6
12 79 20 6 6
12 80 20 6 6
12 81 20 6 6
12 82 20 6 6
12 83 20 6 6
12 84 20 6 6
12 85 20 6 6
12 86 20 6 6
12 87 20 6 6
12 88 20 6 6
12 89 20 6 6
12 90 20 6 6
12 91 20 6 6
12 92 20 6 6
12 93 20 6 6
12 94 20 6 6
12 95 20 6 6
12 96 20 6 6
12 97 20 6 6
12 98 20 6 6
12 99 20 6 6
12 100 20 6 6
12 101 20 6 6
12 102 20 6 6
12 103 20 6 6
12 104 20 6 6
12 105 20 6 6
12 106 20 6 6
12 107 20 6 6
12 108 20 6 6
12 109 20 6 6
12 110 20 6 6
12 111 20 6 6
12 112 20 6 6
12 113 20 6 6
12 114 20 6 6
12 115 20 6 6
12 116 20 6 6
12 117 20 6 6
12 118 20 6 6
12 119 20 6 6
12 120 20 6 6
12 121 20 6 6
12 122 20 6 6
12 123 20 6 6
12 124 20 6 6
12 125 20 6 6
12 126 20 6 6
12 127 20 6 6
12 128 20 6 6
12 129 20 6 6
12 130 20 6 6
12 131 20 6 6
12 132 20 6 6
12 133 20 6 6
12 134 20 6 6
12 135 20 6 6
12 136 20 6 6
12 137 20 6 6
12 138 20 6 6
12 139 20 6 6
12 140 20 6 6
12 141 20 6 6
12 142 20 6 6
12 143 20 6 6
12 144 20 6 6
12 145 20 6 6
12 146 20 6 6
12 147 20 6 6
12 148 20 6 6
12 149 20 6 6
12 150 20 6 6
12 151 20 6 6
12 152 20 6 6
12 153 20 6 6
12 154 20 6 6
12 155 20 6 6
12 156 20 6 6
12 157 20 6 6
12 158 20 6 6
12 159 20 6 6
12 160 20 6 6
12 161 20 6 6
12 162 20 6 6
12 163 20 6 6
12 164 20 6 6
12 165 20 6 6
12 166 20 6 6
12 167 20 6 6
12 168 20 6 6
12 169 20 6 6
12 170 20 6 6
12 171 20 6 6
12 172 20 6 6
12 173 20 6 6
12 174 20 6 6
12 175 20 6 6
12 176 20 6 6
12 177 20 6 6
12 178 20 6 6
12 179 20 6 6
12 180 20 6 6
12 181 20 6 6
12 182 20 6 6
12 183 20 6 6
12 184 20 6 6
12 185 20 6 6
12 186 20 6 6
12 187 20 6 6
12 188 20 6 6
12 189 20 6 6
12 190 20 6 6
12 191 20 6 6
12 192 20 6 6
12 193 20 6 6
12 194 20 6 6
12 195 20 6 6
12 196 20 6 6
12 197 20 6 6
12 198 20 6 6
12 199 20 6 6
12 200 20 6 6
12 201 20 6 6
12 202 20 6 6
12 203 20 6 6
12 204 20 6 6
12 205 20 6 6
12 206 20 6 6
12 207 20 6 6
12 208 20 6 6
12 209 20 6 6
12 210 20 6 6
12 211 20 6 6
12 212 20 6 6
12 213 20 6 6
12 214 20 6 6
12 215 20 6 6
12 216 20 6 6
12 217 20 6 6
12 218 20 6 6
12 219 20 6 6
12 220 20 6 6
12 221 20 6 6
12 222 20 6 6
12 223 20 6 6
12 224 20 6 6
12 225 20 6 6
12 226 20 6 6
12 227 20 6 6
12 228 20 6 6
12 229 20 6 6
12 230 20 6 6
12 231 20 6 6
12 232 20 6 6
12 233 20 6 6
12 234 20 6 6
12 235 20 6 6
12 236 20 6 6
12 237 20 6 6
12 238 20 6 6
12 239 20 6 6
12 240 20 6 6
12 241 20 6 6
12 242 20 6 6
12 243 20 6 6
12 244 20 6 6
12 245 20 6 6
12 246 20 6 6
12 247 20 6 6
12 248 20 6 6
12 249 20 6 6
12 250 20 6 6
12 251 20 6 6
12 252 20 6 6
12 253 20 6 6
12 254 20 6 6
12 255 20 6 6
12 256 20 6 6
12 257 20 6 6
12 258 20 6 6
12 259 20 6 6
12 260 20 6 6
12 261 20 6 6
12 262 20 6 6
12 263 20 6 6
12 264 20 6 6
12 265 20 6 6
12 266 20 6 6
12 267 20 6 6
12 268 20 6 6
12 269 20 6 6
12 270 20 6 6
12 271 20 6 6
12 272 20 6 6
12 273 20 6 6
12 274 20 6 6
12 275 20 6 6
12 276 20 6 6
12 277 20 6 6
12 278 20 6 6
12 279 20 6 6
12 280 20 6 6
12 281 20 6 6
12 282 20 6 6
12 283 20 6 6
12 284 20 6 6
12 285 20 6 6
12 286 20 6 6
12 287 20 6 6
12 288 20 6 6
12 289 20 6 6
12 290 20 6 6
12 291 20 6 6
12 292 20 6 6
12 293 20 6 6
12 294 20 6 6
12 295 20 6 6
12 296 20 6 6
12 297 20 6 6
12 298 20 6 6
12 299 20 6 6
12 300 20 6 6
12 301 20 6 6
12 302 20 6 6
12 303 20 6 6
12 304 20 6 6
12 305 20 6 6
12 306 20 6 6
12 307 20 6 6
12 308 20 6 6
12 309 20 6 6
12 310 20 6 6
12 311 20 6 6
12 312 20 6 6
12 313 20 6 6
12 314 20 6 6
12 315 20 6 6
12 316 20 6 6
12 317 20 6 6
12 318 20 6 6
12 319 20 6 6
12 320 20 6 6
12 321 20 6 6
12 322 20 6 6
12 323 20 6 6
12 324 20 6 6
12 325 20 6 6
12 326 20 6 6
12 327 20 6 6
12 328 20 6 6
12 329 20 6 6
12 330 20 6 6
12 331 20 6 6
12 332 20 6 6
12 333 20 6 6
12 334 20 6 6
12 335 20 6 6
12 336 20 6 6
12 337 20 6 6
12 338 20 6 6
12 339 20 6 6
12 340 20 6 6
12 341 20 6 6
12 342 20 6 6
12 343 20 6 6
12 344 20 6 6
12 345 20 6 6
12 346 20 6 6
12 347 20 6 6
12 348 20 6 6
12 349 20 6 6
12 350 20 6 6
12 351 20 6 6
12 352 20 6 6
12 353 20 6 6
12 354 20 6 6
12 355 20 6 6
12 356 20 6 6
12 357 20 6 6
12 358 20 6 6
12 359 20 6 6
12 360 20 6 6
12 361 20 6 6
12 362 20 6 6
12 363 20 6 6
12 364 20 6 6
12 365 20 6 6
12 366 20 6 6
12 367 20 6 6
12 368 20 6 6
12 369 20 6 6
12 370 20 6 6
12 371 20 6 6
12 372 20 6 6
12 373 20 6 6
12 374 20 6 6
12 375 20 6 6
12 376 20 6 6
12 377 20 6 6
12 378 20 6 6
12 379 20 6 6
12 380 20 6 6
12 381 20 6 6
12 382 20 6 6
12 383 20 6 6
12 384 20 6 6
12 385 20 6 6
12 386 20 6 6
12 387 20 6 6
12 388 20 6 6
12 389 20 6 6
12 390 20 6 6
12 391 20 6 6
12 392 20 6 6
12 393 20 6 6
12 394 20 6 6
12 395 20 6 6
12 396 20 6 6
12 397 20 6 6
12 398 20 6 6
12 399 20 6 6
12 400 20 6 6
12 401 20 6 6
12 402 20 6 6
12 403 20 6 6
12 404 20 6 6
12 405 20 6 6
12 406 20 6 6
12 407 20 6 6
12 408 20 6 6
12 409 20 6 6
12 410 20 6 6
12 411 20 6 6
12 412 20 6 6
12 413 20 6 6
12 414 20 6 6
12 415 20 6 6
12 416 20 6 6
12 417 20 6 6
12 418 20 6 6
12 419 20 6 6
12 420 20 6 6
12 421 20 6 6
12 422 20 6 6
12 423 20 6 6
12 424 20 6 6
12 425 20 6 6
12 426 20 6 6
12 427 20 6 6
12 428 20 6 6
12 429 20 6 6
12 430 20 6 6
12 431 20 6 6
12 432 20 6 6
12 433 20 6 6
12 434 20 6 6
12 435 20 6 6
12 436 20 6 6
12 437 20 6 6
12 438 20 6 6
12 439 20 6 6
12 440 20 6 6
12 441 20 6 6
12 442 20 6 6
12 443 20 6 6
12 444 20 6 6
12 445 20 6 6
12 446 20 6 6
12 447 20 6 6
12 448 20 6 6
12 449 20 6 6
12 450 20 6 6
12 451 20 6 6
12 452 20 6 6
12 453 20 6 6
12 454 20 6 6
12 455 20 6 6
12 456 20 6 6
12 457 20 6 6
12 458 20 6 6
12 459 20 6 6
12 460 20 6 6
12 461 20 6 6
12 462 20 6 6
12 463 20 6 6
12 464 20 6 6
12 465 20 6 6
12 466 20 6 6
12 467 20 6 6
12 468 20 6 6
12 469 20 6 6
12 470 20 6 6
12 471 20 6 6
12 472 20 6 6
12 473 20 6 6
12 474 20 6 6
12 475 20 6 6
12 476 20 6 6
12 477 20 6 6
12 478 20 6 6
12 479 20 6 6
12 480 20 6 6
12 481 20 6 6
12 482 20 6 6
12 483 20 6 6
12 484 20 6 6
12 485 20 6 6
12 486 20 6 6
12 487 20 6 6
12 488 20 6 6
12 489 20 6 6
12 490 20 6 6
12 491 20 6 6
12 492 20 6 6
12 493 20 6 6
12 494 20 6 6
12 495 20 6 6
12 496 20 6 6
12 497 20 6 6
12 498 20 6 6
12 499 20 6 6
12 500 20 6 6
12 501 20 6 6
12 502 20 6 6
12 503 20 6 6
12 504 20 6 6
12 505 20 6 6
12 506 20 6 6
12 507 20 6 6
12 508 20 6 6
12 509 20 6 6
12 510 20 6 6
12 511 20 6 6
12 512 20 6 6
12 513 20 6 6
12 514 20 6 6
12 515 20 6 6
12 516 20 6 6
12 517 20 6 6
12 518 20 6 6
12 519 20 6 6
12 520 20 6 6
12 521 20 6 6
12 522 20 6 6
12 523 20 6 6
12 524 20 6 6
12 525 20 6 6
12 526 20 6 6
12 527 20 6 6
12 528 20 6 6
12 529 20 6 6
12 530 20 6 6
12 531 20 6 6
12 532 20 6 6
12 533 20 6 6
12 534 20 6 6
12 535 20 6 6
12 536 20 6 6
12 537 20 6 6
12 538 20 6 6
12 539 20 6 6
12 540 20 6 6
12 541 20 6 6
12 542 20 6 6
12 543 20 6 6
12 544 20 6 6
12 545 20 6 6
12 546 20 6 6
12 547 20 6 6
12 548 20 6 6
12 549 20 6 6
12 550 20 6 6
12 551 20 6 6
12 552 20 6 6
12 553 20 6 6
12 554 20 6 6
12 555 20 6 6
12 556 20 6 6
12 557 20 6 6
12 558 20 6 6
12 559 20 6 6
12 560 20 6 6
12 561 20 6 6
12 562 20 6 6
12 563 20 6 6
12 564 20 6 6
12 565 20 6 6
12 566 20 6 6
12 567 20 6 6
12 568 20 6 6
12 569 20 6 6
12 570 20 6 6
12 571 20 6 6
12 572 20 6 6
12 573 20 6 6
12 574 20 6 6
12 575 20 6 6
12 576 20 6 6
12 577 20 6 6
12 578 20 6 6
12 579 20 6 6
12 580 20 6 6
12 581 20 6 6
12 582 20 6 6
12 583 20 6 6
12 584 20 6 6
12 585 20 6 6
12 586 20 6 6
12 587 20 6 6
12 588 20 6 6
12 589 20 6 6
12 590 20 6 6
12 591 20 6 6
12 592 20 6 6
12 593 20 6 6
12 594 20 6 6
12 595 20 6 6
12 596 20 6 6
12 597 20 6 6
12 598 20 6 6
12 599 20 6 6
12 600 20 6 6
12 601 20 6 6
12 602 20 6 6
12 603 20 6 6
12 604 20 6 6
12 605 20 6 6
12 606 20 6 6
12 607 20 6 6
12 608 20 6 6
12 609 20 6 6
12 610 20 6 6
12 611 20 6 6
12 612 20 6 6
12 613 20 6 6
12 614 20 6 6
12 615 20 6 6
12 616 20 6 6
12 617 20 6 6
12 618 20 6 6
12 619 20 6 6
12 620 20 6 6
12 621 20 6 6
12 622 20 6 6
12 623 20 6 6
12 624 20 6 6
12 625 20 6 6
12 626 20 6 6
12 627 20 6 6
12 628 20 6 6
12 629 20 6 6
12 630 20 6 6
12 631 20 6 6
12 632 20 6 6
12 633 20 6 6
12 634 20 6 6
12 635 20 6 6
12 636 20 6 6
12 637 20 6 6
12 638 20 6 6
12 639 20 6 6
12 640 20 6 6
12 641 20 6 6
12 642 20 6 6
12 643 20 6 6
12 644 20 6 6
12 645 20 6 6
12 646 20 6 6
12 647 20 6 6
12 648 20 6 6
12 649 20 6 6
12 650 20 6 6
12 651 20 6 6
12 652 20 6 6
12 653 20 6 6
12 654 20 6 6
12 655 20 6 6
12 656 20 6 6
12 657 20 6 6
12 658 20 6 6
12 659 20 6 6
12 660 20 6 6
12 661 20 6 6
12 662 20 6 6
12 663 20 6 6
12 664 20 6 6
12 665 20 6 6
12 666 20 6 6
12 667 20 6 6
12 668 20 6 6
12 669 20 6 6
12 670 20 6 6
12 671 20 6 6
12 672 20 6 6
12 673 20 6 6
12 674 20 6 6
12 675 20 6 6
12 676 20 6 6
12 677 20 6 6
12 678 20 6 6
12 679 20 6 6
12 680 20 6 6
12 681 20 6 6
12 682 20 6 6
12 683 20 6 6
12 684 20 6 6
12 685 20 6 6
12 686 20 6 6
12 687 20 6 6
12 688 20 6 6
12 689 20 6 6
12 690 20 6 6
12 691 20 6 6
12 692 20 6 6
12 693 20 6 6
12 694 20 6 6
12 695 20 6 6
12 696 20 6 6
12 697 20 6 6
12 698 20 6 6
12 699 20 6 6
12 700 20 6 6
12 701 20 6 6
12 702 20 6 6
12 703 20 6 6
12 704 20 6 6
12 705 20 6 6
12 706 20 6 6
12 707 20 6 6
12 708 20 6 6
12 709 20 6 6
12 710 20 6 6
12 711 20 6 6
12 712 20 6 6
12 713 20 6 6
12 714 20 6 6
12 715 20 6 6
12 716 20 6 6
12 717 20 6 6
12 718 20 6 6
12 719 20 6 6
12 720 20 6 6
12 721 20 6 6
12 722 20 6 6
12 723 20 6 6
12 724 20 6 6
12 725 20 6 6
12 726 20 6 6
12 727 20 6 6
12 728 20 6 6
12 729 20 6 6
12 730 20 6 6
12 731 20 6 6
12 732 20 6 6
12 733 20 6 6
12 734 20 6 6
12 735 20 6 6
12 736 20 6 6
12 737 20 6 6
12 738 20 6 6
12 739 20 6 6
12 740 20 6 6
12 741 20 6 6
12 742 20 6 6
12 743 20 6 6
12 744 20 6 6
12 745 20 6 6
12 746 20 6 6
12 747 20 6 6
12 748 20 6 6
12 749 20 6 6
12 750 20 6 6
12 751 20 6 6
12 752 20 6 6
12 753 20 6 6
12 754 20 6 6
12 755 20 6 6
12 756 20 6 6
12 757 20 6 6
12 758 20 6 6
12 759 20 6 6
12 760 20 6 6
12 761 20 6 6
12 762 20 6 6
12 763 20 6 6
12 764 20 6 6
12 765 20 6 6
12 766 20 6 6
12 767 20 6 6
12 768 20 6 6
12 769 20 6 6
12 770 20 6 6
12 771 20 6 6
12 772 20 6 6
12 773 20 6 6
12 774 20 6 6
12 775 20 6 6
12 776 20 6 6
12 777 20 6 6
12 778 20 6 6
12 779 20 6 6
12 780 20 6 6
12 781 20 6 6
12 782 20 6 6
12 783 20 6 6
12 784 20 6 6
12 785 20 6 6
12 786 20 6 6
12 787 20 6 6
12 788 20 6 6
12 789 20 6 6
12 790 20 6 6
12 791 20 6 6
12 792 20 6 6
12 793 20 6 6
12 794 20 6 6
12 795 20 6 6
12 796 20 6 6
12 797 20 6 6
12 798 20 6 6
12 799 20 6 6
12 800 20 6 6
12 801 20 6 6
12 802 20 6 6
12 803 20 6 6
12 804 20 6 6
12 805 20 6 6
12 806 20 6 6
12 807 20 6 6
12 808 20 6 6
12 809 20 6 6
12 810 20 6 6
12 811 20 6 6
12 812 20 6 6
12 813 20 6 6
12 814 20 6 6
12 815 20 6 6
12 816 20 6 6
12 817 20 6 6
12 818 20 6 6
12 819 20 6 6
12 820 20 6 6
12 821 20 6 6
12 822 20 6 6
12 823 20 6 6
12 824 20 6 6
12 825 20 6 6
12 826 20 6 6
12 827 20 6 6
12 828 20 6 6
12 829 20 6 6
12 830 20 6 6
12 831 20 6 6
12 832 20 6 6
12 833 20 6 6
12 834 20 6 6
12 835 20 6 6
12 836 20 6 6
12 837 20 6 6
12 838 20 6 6
12 839 20 6 6
12 840 20 6 6
12 841 20 6 6
12 842 20 6 6
12 843 20 6 6
12 844 20 6 6
12 845 20 6 6
12 846 20 6 6
12 847 20 6 6
12 848 20 6 6
12 849 20 6 6
12 850 20 6 6
12 851 20 6 6
12 852 20 6 6
12 853 20 6 6
12 854 20 6 6
12 855 20 6 6
12 856 20 6 6
12 857 20 6 6
12 858 20 6 6
12 859 20 6 6
12 860 20 6 6
12 861 20 6 6
12 862 20 6 6
12 863 20 6 6
12 864 20 6 6
12 865 20 6 6
12 866 20 6 6
12 867 20 6 6
12 868 20 6 6
12 869 20 6 6
12 870 20 6 6
12 871 20 6 6
12 872 20 6 6
12 873 20 6 6
12 874 20 6 6
12 875 20 6 6
12 876 20 6 6
12 877 20 6 6
12 878 20 6 6
12 879 20 6 6
12 880 20 6 6
12 881 20 6 6
12 882 20 6 6
12 883 20 6 6
12 884 20 6 6
12 885 20 6 6
12 886 20 6 6
12 887 20 6 6
12 888 20 6 6
12 889 20 6 6
12 890 20 6 6
12 891 20 6 6
12 892 20 6 6
12 893 20 6 6
12 894 20 6 6
12 895 20 6 6
12 896 20 6 6
12 897 20 6 6
12 898 20 6 6
12 899 20 6 6
12 900 20 6 6
12 901 20 6 6
12 902 20 6 6
12 903 20 6 6
12 904 20 6 6
12 905 20 6 6
12 906 20 6 6
12 907 20 6 6
12 908 20 6 6
12 909 20 6 6
12 910 20 6 6
12 911 20 6 6
12 912 20 6 6
12 913 20 6 6
12 914 20 6 6
12 915 20 6 6
12 916 20 6 6
12 917 20 6 6
12 918 20 6 6
12 919 20 6 6
12 920 20 6 6
12 921 20 6 6
12 922 20 6 6
12 923 20 6 6
12 924 20 6 6
12 925 20 6 6
12 926 20 6 6
12 927 20 6 6
12 928 20 6 6
12 929 20 6 6
12 930 20 6 6
12 931 20 6 6
12 932 20 6 6
12 933 20 6 6
12 934 20 6 6
12 935 20 6 6
12 936 20 6 6
12 937 20 6 6
12 938 20 6 6
12 939 20 6 6
12 940 20 6 6
12 941 20 6 6
12 942 20 6 6
12 943 20 6 6
12 944 20 6 6
12 945 20 6 6
12 946 20 6 6
12 947 20 6 6
12 948 20 6 6
12 949 20 6 6
12 950 20 6 6
12 951 20 6 6
12 952 20 6 6
12 953 20 6 6
12 954 20 6 6
12 955 20 6 6
12 956 20 6 6
12 957 20 6 6
12 958 20 6 6
12 959 20 6 6
12 960 20 6 6
12 961 20 6 6
12 962 20 6 6
12 963 20 6 6
12 964 20 6 6
12 965 20 6 6
12 966 20 6 6
12 967 20 6 6
12 968 20 6 6
12 969 20 6 6
12 970 20 6 6
12 971 20 6 6
12 972 20 6 6
12 973 20 6 6
12 974 20 6 6
12 975 20 6 6
12 976 20 6 6
12 977 20 6 6
12 978 20 6 6
12 979 20 6 6
12 980 20 6 6
12 981 20 6 6
12 982 20 6 6
12 983 20 6 6
12 984 20 6 6
12 985 20 6 6
12 986 20 6 6
12 987 20 6 6
12 988 20 6 6
12 989 20 6 6
12 990 20 6 6
12 991 20 6 6
12 992 20 6 6
12 993 20 6 6
12 994 20 6 6
12 995 20 6 6
12 996 20 6 6
12 997 20 6 6
12 998 20 6 6
12 999 20 6 6
12 1000 20 6 6
12 1001 20 6 6
12 1002 20 6 6
12 1003 20 6 6
12 1004 20 6 6
12 1005 20 6 6
12 1006 20 6 6
12 1007 20 6 6
12 1008 20 6 6
12 1009 20 6 6
12 1010 20 6 6
12 1011 20 6 6
12 1012 20 6 6
12 1013 20 6 6
12 1014 20 6 6
12 1015 20 6 6
12 1016 20 6 6
12 1017 20 6 6
12 1018 20 6 6
12 1019 20 6 6
12 1020 20 6 6
12 1021 20 6 6
12 1022 20 6 6
12 1023 20 6 6
12 1024 20 6 6
12 1025 20 6 6
12 1026 20 6 6
12 1027 20 6 6
12 1028 20 6 6
12 1029 20 6 6
12 1030 20 6 6
12 1031 20 6 6
12 1032 20 6 6
12 1033 20 6 6
12 1034 20 6 6
12 1035 20 6 6
12 1036 20 6 6
12 1037 20 6 6
12 1038 20 6 6
12 1039 20 6 6
12 1040 20 6 6
12 1041 20 6 6
12 1042 20 6 6
12 1043 20 6 6
12 1044 20 6 6
12 1045 20 6 6
12 1046 20 6 6
12 1047 20 6 6
12 1048 20 6 6
12 1049 20 6 6
12 1050 20 6 6
12 1051 20 6 6
12 1052 20 6 6
12 1053 20 6 6
12 1054 20 6 6
12 1055 20 6 6
12 1056 20 6 6
12 1057 20 6 6
12 1058 20 6 6
12 1059 20 6 6
12 1060 20 6 6
12 1061 20 6 6
12 1062 20 6 6
12 1063 20 6 6
12 1064 20 6 6
12 1065 20 6 6
12 1066 20 6 6
12 1067 20 6 6
12 1068 20 6 6
12 1069 20 6 6
12 1070 20 6 6
12 1071 20 6 6
12 1072 20 6 6
12 1073 20 6 6
12 1074 20 6 6
12 1075 20 6 6
12 1076 20 6 6
12 1077 20 6 6
12 1078 20 6 6
12 1079 20 6 6
12 1080 20 6 6
12 1081 20 6 6
12 1082 20 6 6
12 1083 20 6 6
12 1084 20 6 6
12 1085 20 6 6
12 1086 20 6 6
12 1087 20 6 6
12 1088 20 6 6
12 1089 20 6 6
12 1090 20 6 6
12 1091 20 6 6
12 1092 20 6 6
12 1093 20 6 6
12 1094 20 6 6
12 1095 20 6 6
12 1096 20 6 6
12 1097 20 6 6
12 1098 20 6 6
12 1099 20 6 6
12 1100 20 6 6
12 1101 20 6 6
12 1102 20 6 6
12 1103 20 6 6
12 1104 20 6 6
12 1105 20 6 6
12 1106 20 6 6
12 1107 20 6 6
12 1108 20 6 6
12 1109 20 6 6
12 1110 20 6 6
12 1111 20 6 6
12 1112 20 6 6
12 1113 20 6 6
12 1114 20 6 6
12 1115 20 6 6
12 1116 20 6 6
12 1117 20 6 6
12 1118 20 6 6
12 1119 20 6 6
12 1120 20 6 6
12 1121 20 6 6
12 1122 20 6 6
12 1123 20 6 6
12 1124 20 6 6
12 1125 20 6 6
12 1126 20 6 6
12 1127 20 6 6
12 1128 20 6 6
12 1129 20 6 6
12 1130 20 6 6
12 1131 20 6 6
12 1132 20 6 6
12 1133 20 6 6
12 1134 20 6 6
12 1135 20 6 6
12 1136 20 6 6
12 1137 20 6 6
12 1138 20 6 6
12 1139 20 6 6
12 1140 20 6 6
12 1141 20 6 6
12 1142 20 6 6
12 1143 20 6 6
12 1144 20 6 6
12 1145 20 6 6
12 1146 20 6 6
12 1147 20 6 6
12 1148 20 6 6
12 1149 20 6 6
12 1150 20 6 6
12 1151 20 6 6
12 1152 20 6 6
12 1153 20 6 6
12 1154 20 6 6
12 1155 20 6 6
12 1156 20 6 6
12 1157 20 6 6
12 1158 20 6 6
12 1159 20 6 6
12 1160 20 6 6
12 1161 20 6 6
12 1162 20 6 6
12 1163 20 6 6
12 1164 20 6 6
12 1165 20 6 6
12 1166 20 6 6
12 1167 20 6 6
12 1168 20 6 6
12 1169 20 6 6
12 1170 20 6 6
12 1171 20 6 6
12 1172 20 6 6
12 1173 20 6 6
12 1174 20 6 6
12 1175 20 6 6
12 1176 20 6 6
12 1177 20 6 6
12 1178 20 6 6
12 1179 20 6 6
12 1180 20 6 6
12 1181 20 6 6
12 1182 20 6 6
12 1183 20 6 6
12 1184 20 6 6
12 1185 20 6 6
12 1186 20 6 6
12 1187 20 6 6
12 1188 20 6 6
12 1189 20 6 6
12 1190 20 6 6
12 1191 20 6 6
12 1192 20 6 6
12 1193 20 6 6
12 1194 20 6 6
12 1195 20 6 6
12 1196 20 6 6
12 1197 20 6 6
12 1198 20 6 6
12 1199 20 6 6
12 1200 20 6 6
12 1201 20 6 6
12 1202 20 6 6
12 1203 20 6 6
12 1204 20 6 6
12 1205 20 6 6
12 1206 20 6 6
12 1207 20 6 6
12 1208 20 6 6
12 1209 20 6 6
12 1210 20 6 6
12 1211 20 6 6
12 1212 20 6 6
12 1213 20 6 6
12 1214 20 6 6
12 1215 20 6 6
12 1216 20 6 6
12 1217 20 6 6
12 1218 20 6 6
12 1219 20 6 6
12 1220 20 6 6
12 1221 20 6 6
12 1222 20 6 6
12 1223 20 6 6
12 1224 20 6 6
12 1225 20 6 6
12 1226 20 6 6
12 1227 20 6 6
12 1228 20 6 6
12 1229 20 6 6
12 1230 20 6 6
12 1231 20 6 6
12 1232 20 6 6
12 1233 20 6 6
12 1234 20 6 6
12 1235 20 6 6
12 1236 20 6 6
12 1237 20 6 6
12 1238 20 6 6
12 1239 20 6 6
12 1240 20 6 6
12 1241 20 6 6
12 1242 20 6 6
12 1243 20 6 6
12 1244 20 6 6
12 1245 20 6 6
12 1246 20 6 6
12 1247 20 6 6
12 1248 20 6 6
12 1249 20 6 6
12 1250 20 6 6
12 1251 20 6 6
12 1252 20 6 6
12 1253 20 6 6
12 1254 20 6 6
12 1255 20 6 6
12 1256 20 6 6
12 1257 20 6 6
12 1258 20 6 6
12 1259 20 6 6
12 1260 20 6 6
12 1261 20 6 6
12 1262 20 6 6
12 1263 20 6 6
12 1264 20 6 6
12 1265 20 6 6
12 1266 20 6 6
12 1267 20 6 6
12 1268 20 6 6
12 1269 20 6 6
12 1270 20 6 6
12 1271 20 6 6
12 1272 20 6 6
12 1273 20 6 6
12 1274 20 6 6
12 1275 20 6 6
12 1276 20 6 6
12 1277 20 6 6
12 1278 20 6 6
12 1279 20 6 6
12 1280 20 6 6
12 1281 20 6 6
12 1282 20 6 6
12 1283 20 6 6
12 1284 20 6 6
12 1285 20 6 6
12 1286 20 6 6
12 1287 20 6 6
12 1288 20 6 6
12 1289 20 6 6
12 1290 20 6 6
12 1291 20 6 6
12 1292 20 6 6
12 1293 20 6 6
12 1294 20 6 6
12 1295 20 6 6
12 1296 20 6 6
12 1297 20 6 6
12 1298 20 6 6
12 1299 20 6 6
12 1300 20 6 6
12 1301 20 6 6
12 1302 20 6 6
12 1303 20 6 6
12 1304 20 6 6
12 1305 20 6 6
12 1306 20 6 6
12 1307 20 6 6
12 1308 20 6 6
12 1309 20 6 6
12 1310 20 6 6
12 1311 20 6 6
12 1312 20 6 6
12 1313 20 6 6
12 1314 20 6 6
12 1315 20 6 6
12 1316 20 6 6
12 1317 20 6 6
12 1318 20 6 6
12 1319 20 6 6
12 1320 20 6 6
12 1321 20 6 6
12 1322 20 6 6
12 1323 20 6 6
12 1324 20 6 6
12 1325 20 6 6
12 1326 20 6 6
12 1327 20 6 6
12 1328 20 6 6
12 1329 20 6 6
12 1330 20 6 6
12 1331 20 6 6
12 1332 20 6 6
12 1333 20 6 6
12 1334 20 6 6
12 1335 20 6 6
12 1336 20 6 6
12 1337 20 6 6
12 1338 20 6 6
12 1339 20 6 6
12 1340 20 6 6
12 1341 20 6 6
12 1342 20 6 6
12 1343 20 6 6
12 1344 20 6 6
12 1345 20 6 6
12 1346 20 6 6
12 1347 20 6 6
12 1348 20 6 6
12 1349 20 6 6
12 1350 20 6 6
12 1351 20 6 6
12 1352 20 6 6
12 1353 20 6 6
12 1354 20 6 6
12 1355 20 6 6
12 1356 20 6 6
12 1357 20 6 6
12 1358 20 6 6
12 1359 20 6 6
12 1360 20 6 6
12 1361 20 6 6
12 1362 20 6 6
12 1363 20 6 6
12 1364 20 6 6
12 1365 20 6 6
12 1366 20 6 6
12 1367 20 6 6
12 1368 20 6 6
12 1369 20 6 6
12 1370 20 6 6
12 1371 20 6 6
12 1372 20 6 6
12 1373 20 6 6
12 1374 20 6 6
12 1375 20 6 6
12 1376 20 6 6
12 1377 20 6 6
12 1378 20 6 6
12 1379 20 6 6
12 1380 20 6 6
12 1381 20 6 6
12 1382 20 6 6
12 1383 20 6 6
12 1384 20 6 6
12 1385 20 6 6
12 1386 20 6 6
12 1387 20 6 6
12 1388 20 6 6
12 1389 20 6 6
12 1390 20 6 6
12 1391 20 6 6
12 1392 20 6 6
12 1393 20 6 6
12 1394 20 6 6
12 1395 20 6 6
12 1396 20 6 6
12 1397 20 6 6
12 1398 20 6 6
12 1399 20 6 6
12 1400 20 6 6
12 1401 20 6 6
12 1402 20 6 6
12 1403 20 6 6
12 1404 20 6 6
12 1405 20 6 6
12 1406 20 6 6
12 1407 20 6 6
12 1408 20 6 6
12 1409 20 6 6
12 1410 20 6 6
12 1411 20 6 6
12 1412 20 6 6
12 1413 20 6 6
12 1414 20 6 6
12 1415 20 6 6
12 1416 20 6 6
12 1417 20 6 6
12 1418 20 6 6
12 1419 20 6 6
12 1420 20 6 6
12 1421 20 6 6
12 1422 20 6 6
12 1423 20 6 6
12 1424 20 6 6
12 1425 20 6 6
12 1426 20 6 6
12 1427 20 6 6
12 1428 20 6 6
12 1429 20 6 6
12 1430 20 6 6
12 1431 20 6 6
12 1432 20 6 6
12 1433 20 6 6
12 1434 20 6 6
12 1435 20 6 6
12 1436 20 6 6
12 1437 20 6 6
12 1438 20 6 6
12 1439 20 6 6
12 1440 20 6 6
12 1441 20 6 6
12 1442 20 6 6
12 1443 20 6 6
12 1444 20 6 6
12 1445 20 6 6
12 1446 20 6 6
12 1447 20 6 6
12 1448 20 6 6
12 1449 20 6 6
12 1450 20 6 6
12 1451 20 6 6
12 1452 20 6 6
12 1453 20 6 6
12 1454 20 6 6
12 1455 20 6 6
12 1456 20 6 6
12 1457 20 6 6
12 1458 20 6 6
12 1459 20 6 6
12 1460 20 6 6
12 1461 20 6 6
12 1462 20 6 6
12 1463 20 6 6
12 1464 20 6 6
12 1465 20 6 6
12 1466 20 6 6
12 1467 20 6 6
12 1468 20 6 6
12 1469 20 6 6
12 1470 20 6 6
12 1471 20 6 6
12 1472 20 6 6
12 1473 20 6 6
12 1474 20 6 6
12 1475 20 6 6
12 1476 20 6 6
12 1477 20 6 6
12 1478 20 6 6
12 1479 20 6 6
12 1480 20 6 6
12 1481 20 6 6
12 1482 20 6 6
12 1483 20 6 6
12 1484 20 6 6
12 1485 20 6 6
12 1486 20 6 6
12 1487 20 6 6
12 1488 20 6 6
12 1489 20 6 6
12 1490 20 6 6
12 1491 20 6 6
12 1492 20 6 6
12 1493 20 6 6
12 1494 20 6 6
12 1495 20 6 6
12 1496 20 6 6
12 1497 20 6 6
12 1498 20 6 6
12 1499 20 6 6
12 1500 20 6 6
12 1501 20 6 6
12 1502 20 6 6
12 1503 20 6 6
12 1504 20 6 6
12 1505 20 6 6
12 1506 20 6 6
12 1507 20 6 6
12 1508 20 6 6
12 1509 20 6 6
12 1510 20 6 6
12 1511 20 6 6
12 1512 20 6 6
12 1513 20 6 6
12 1514 20 6 6
12 1515 20 6 6
12 1516 20 6 6
12 1517 20 6 6
12 1518 20 6 6
12 1519 20 6 6
12 1520 20 6 6
12 1521 20 6 6
12 1522 20 6 6
12 1523 20 6 6
12 1524 20 6 6
12 1525 20 6 6
12 1526 20 6 6
12 1527 20 6 6
12 1528 20 6 6
12 1529 20 6 6
12 1530 20 6 6
12 1531 20 6 6
12 1532 20 6 6
12 1533 20 6 6
12 1534 20 6 6
12 1535 20 6 6
12 1536 20 6 6
12 1537 20 6 6
12 1538 20 6 6
12 1539 20 6 6
12 1540 20 6 6
12 1541 20 6 6
12 1542 20 6 6
12 1543 20 6 6
12 1544 20 6 6
12 1545 20 6 6
12 1546 20 6 6
12 1547 20 6 6
12 1548 20 6 6
12 1549 20 6 6
12 1550 20 6 6
12 1551 20 6 6
12 1552 20 6 6
12 1553 20 6 6
12 1554 20 6 6
12 1555 20 6 6
12 1556 20 6 6
12 1557 20 6 6
12 1558 20 6 6
12 1559 20 6 6
12 1560 20 6 6
12 1561 20 6 6
12 1562 20 6 6
12 1563 20 6 6
12 1564 20 6 6
12 1565 20 6 6
12 1566 20 6 6
12 1567 20 6 6
12 1568 20 6 6
12 1569 20 6 6
12 1570 20 6 6
12 1571 20 6 6
12 1572 20 6 6
12 1573 20 6 6
12 1574 20 6 6
12 1575 20 6 6
12 1576 20 6 6
12 1577 20 6 6
12 1578 20 6 6
12 1579 20 6 6
12 1580 20 6 6
12 1581 20 6 6
12 1582 20 6 6
12 1583 20 6 6
12 1584 20 6 6
12 1585 20 6 6
12 1586 20 6 6
12 1587 20 6 6
12 1588 20 6 6
12 1589 20 6 6
12 1590 20 6 6
12 1591 20 6 6
12 1592 20 6 6
12 1593 20 6 6
12 1594 20 6 6
12 1595 20 6 6
12 1596 20 6 6
12 1597 20 6 6
12 1598 20 6 6
12 1599 20 6 6
12 1600 20 6 6
12 1601 20 6 6
12 1602 20 6 6
12 1603 20 6 6
12 1604 20 6 6
12 1605 20 6 6
12 1606 20 6 6
12 1607 20 6 6
12 1608 20 6 6
12 1609 20 6 6
12 1610 20 6 6
12 1611 20 6 6
12 1612 20 6 6
12 1613 20 6 6
12 1614 20 6 6
12 1615 20 6 6
12 1616 20 6 6
12 1617 20 6 6
12 1618 20 6 6
12 1619 20 6 6
12 1620 20 6 6
12 1621 20 6 6
12 1622 20 6 6
12 1623 20 6 6
12 1624 20 6 6
12 1625 20 6 6
12 1626 20 6 6
12 1627 20 6 6
12 1628 20 6 6
12 1629 20 6 6
12 1630 20 6 6
12 1631 20 6 6
12 1632 20 6 6
12 1633 20 6 6
12 1634 20 6 6
12 1635 20 6 6
12 1636 20 6 6
12 1637 20 6 6
12 1638 20 6 6
12 1639 20 6 6
12 1640 20 6 6
12 1641 20 6 6
12 1642 20 6 6
12 1643 20 6 6
12 1644 20 6 6
12 1645 20 6 6
12 1646 20 6 6
12 1647 20 6 6
12 1648 20 6 6
12 1649 20 6 6
12 1650 20 6 6
12 1651 20 6 6
12 1652 20 6 6
12 1653 20 6 6
12 1654 20 6 6
12 1655 20 6 6
12 1656 20 6 6
12 1657 20 6 6
12 1658 20 6 6
12 1659 20 6 6
12 1660 20 6 6
12 1661 20 6 6
12 1662 20 6 6
12 1663 20 6 6
12 1664 20 6 6
12 1665 20 6 6
12 1666 20 6 6
12 1667 20 6 6
12 1668 20 6 6
12 1669 20 6 6
12 1670 20 6 6
12 1671 20 6 6
12 1672 20 6 6
12 1673 20 6 6
12 1674 20 6 6
12 1675 20 6 6
12 1676 20 6 6
12 1677 20 6 6
12 1678 20 6 6
12 1679 20 6 6
12 1680 20 6 6
12 1681 20 6 6
12 1682 20 6 6
12 1683 20 6 6
12 1684 20 6 6
12 1685 20 6 6
12 1686 20 6 6
12 1687 20 6 6
12 1688 20 6 6
12 1689 20 6 6
12 1690 20 6 6
12 1691 20 6 6
12 1692 20 6 6
12 1693 20 6 6
12 1694 20 6 6
12 1695 20 6 6
12 1696 20 6 6
12 1697 20 6 6
12 1698 20 6 6
12 1699 20 6 6
12 1700 20 6 6
12 1701 20 6 6
12 1702 20 6 6
12 1703 20 6 6
12 1704 20 6 6
12 1705 20 6 6
12 1706 20 6 6
12 1707 20 6 6
12 1708 20 6 6
12 1709 20 6 6
12 1710 20 6 6
12 1711 20 6 6
12 1712 20 6 6
12 1713 20 6 6
12 1714 20 6 6
12 1715 20 6 6
12 1716 20 6 6
12 1717 20 6 6
12 1718 20 6 6
12 1719 20 6 6
12 1720 20 6 6
12 1721 20 6 6
12 1722 20 6 6
12 1723 20 6 6
12 1724 20 6 6
12 1725 20 6 6
12 1726 20 6 6
12 1727 20 6 6
12 1728 20 6 6
12 1729 20 6 6
12 1730 20 6 6
12 1731 20 6 6
12 1732 20 6 6
12 1733 20 6 6
12 1734 20 6 6
12 1735 20 6 6
12 1736 20 6 6
12 1737 20 6 6
12 1738 20 6 6
12 1739 20 6 6
12 1740 20 6 6
12 1741 20 6 6
12 1742 20 6 6
12 1743 20 6 6
12 1744 20 6 6
12 1745 20 6 6
12 1746 20 6 6
12 1747 20 6 6
12 1748 20 6 6
12 1749 20 6 6
12 1750 20 6 6
12 1751 20 6 6
12 1752 20 6 6
12 1753 20 6 6
12 1754 20 6 6
12 1755 20 6 6
12 1756 20 6 6
12 1757 20 6 6
12 1758 20 6 6
12 1759 20 6 6
12 1760 20 6 6
12 1761 20 6 6
12 1762 20 6 6
12 1763 20 6 6
12 1764 20 6 6
12 1765 20 6 6
12 1766 20 6 6
12 1767 20 6 6
12 1768 20 6 6
12 1769 20 6 6
12 1770 20 6 6
12 1771 20 6 6
12 1772 20 6 6
12 1773 20 6 6
12 1774 20 6 6
12 1775 20 6 6
12 1776 20 6 6
12 1777 20 6 6
12 1778 20 6 6
12 1779 20 6 6
12 1780 20 6 6
12 1781 20 6 6
12 1782 20 6 6
12 1783 20 6 6
12 1784 20 6 6
12 1785 20 6 6
12 1786 20 6 6
12 1787 20 6 6
12 1788 20 6 6
12 1789 20 6 6
12 1790 20 6 6
12 1791 20 6 6
12 1792 20 6 6
12 1793 20 6 6
12 1794 20 6 6
12 1795 20 6 6
12 1796 20 6 6
12 1797 20 6 6
12 1798 20 6 6
12 1799 20 6 6
12 1800 20 6 6
12 1801 20 6 6
12 1802 20 6 6
12 1803 20 6 6
12 1804 20 6 6
12 1805 20 6 6
12 1806 20 6 6
12 1807 20 6 6
12 1808 20 6 6
12 1809 20 6 6
12 1810 20 6 6
12 1811 20 6 6
12 1812 20 6 6
12 1813 20 6 6
12 1814 20 6 6
12 1815 20 6 6
12 1816 20 6 6
12 1817 20 6 6
12 1818 20 6 6
12 1819 20 6 6
12 1820 20 6 6
12 1821 20 6 6
12 1822 20 6 6
12 1823 20 6 6
12 1824 20 6 6
12 1825 20 6 6
12 1826 20 6 6
12 1827 20 6 6
12 1828 20 6 6
12 1829 20 6 6
12 1830 20 6 6
12 1831 20 6 6
12 1832 20 6 6
12 1833 20 6 6
12 1834 20 6 6
12 1835 20 6 6
12 1836 20 6 6
12 1837 20 6 6
12 1838 20 6 6
12 1839 20 6 6
12 1840 20 6 6
12 1841 20 6 6
12 1842 20 6 6
12 1843 20 6 6
12 1844 20 6 6
12 1845 20 6 6
12 1846 20 6 6
12 1847 20 6 6
12 1848 20 6 6
12 1849 20 6 6
12 1850 20 6 6
12 1851 20 6 6
12 1852 20 6 6
12 1853 20 6 6
12 1854 20 6 6
12 1855 20 6 6
12 1856 20 6 6
12 1857 20 6 6
12 1858 20 6 6
12 1859 20 6 6
12 1860 20 6 6
12 1861 20 6 6
12 1862 20 6 6
12 1863 20 6 6
12 1864 20 6 6
12 1865 20 6 6
12 1866 20 6 6
12 1867 20 6 6
12 1868 20 6 6
12 1869 20 6 6
12 1870 20 6 6
12 1871 20 6 6
12 1872 20 6 6
12 1873 20 6 6
12 1874 20 6 6
12 1875 20 6 6
12 1876 20 6 6
12 1877 20 6 6
12 1878 20 6 6
12 1879 20 6 6
12 1880 20 6 6
12 1881 20 6 6
12 1882 20 6 6
12 1883 20 6 6
12 1884 20 6 6
12 1885 20 6 6
12 1886 20 6 6
12 1887 20 6 6
12 1888 20 6 6
12 1889 20 6 6
12 1890 20 6 6
12 1891 20 6 6
12 1892 20 6 6
12 1893 20 6 6
12 1894 20 6 6
12 1895 20 6 6
12 1896 20 6 6
12 1897 20 6 6
12 1898 20 6 6
12 1899 20 6 6
12 1900 20 6 6
12 1901 20 6 6
12 1902 20 6 6
12 1903 20 6 6
12 1904 20 6 6
12 1905 20 6 6
12 1906 20 6 6
12 1907 20 6 6
12 1908 20 6 6
12 1909 20 6 6
12 1910 20 6 6
12 1911 20 6 6
12 1912 20 6 6
12 1913 20 6 6
12 1914 20 6 6
12 1915 20 6 6
12 1916 20 6 6
12 1917 20 6 6
12 1918 20 6 6
12 1919 20 6 6
12 1920 20 6 6
12 1921 20 6 6
12 1922 20 6 6
12 1923 20 6 6
12 1924 20 6 6
12 1925 20 6 6
12 1926 20 6 6
12 1927 20 6 6
12 1928 20 6 6
12 1929 20 6 6
12 1930 20 6 6
12 1931 20 6 6
12 1932 20 6 6
12 1933 20 6 6
12 1934 20 6 6
12 1935 20 6 6
12 1936 20 6 6
12 1937 20 6 6
12 1938 20 6 6
12 1939 20 6 6
12 1940 20 6 6
12 1941 20 6 6
12 1942 20 6 6
12 1943 20 6 6
12 1944 20 6 6
12 1945 20 6 6
12 1946 20 6 6
12 1947 20 6 6
12 1948 20 6 6
12 1949 20 6 6
12 1950 20 6 6
12 1951 20 6 6
12 1952 20 6 6
12 1953 20 6 6
12 1954 20 6 6
12 1955 20 6 6
12 1956 20 6 6
12 1957 20 6 6
12 1958 20 6 6
12 1959 20 6 6
12 1960 20 6 6
12 1961 20 6 6
12 1962 20 6 6
12 1963 20 6 6
12 1964 20 6 6
12 1965 20 6 6
12 1966 20 6 6
12 1967 20 6 6
12 1968 20 6 6
12 1969 20 6 6
12 1970 20 6 6
12 1971 20 6 6
12 1972 20 6 6
12 1973 20 6 6
12 1974 20 6 6
12 1975 20 6 6
12 1976 20 6 6
12 1977 20 6 6
12 1978 20 6 6
12 1979 20 6 6
12 1980 20 6 6
12 1981 20 6 6
12 1982 20 6 6
12 1983 20 6 6
12 1984 20 6 6
12 1985 20 6 6
12 1986 20 6 6
12 1987 20 6 6
12 1988 20 6 6
12 1989 20 6 6
12 1990 20 6 6
12 1991 20 6 6
12 1992 20 6 6
12 1993 20 6 6
12 1994 20 6 6
12 1995 20 6 6
12 1996 20 6 6
12 1997 20 6 6
12 1998 20 6 6
12 1999 20 6 6
12 2000 20 6 6
12 2001 20 6 6
12 2002 20 6 6
12 2003 20 6 6
12 2004 20 6 6
12 2005 20 6 6
12 2006 20 1032 1032
12 2007 20 6 6
12 2008 20 6 6
12 2009 20 6 6
12 2010 20 6 6
12 2011 20 6 6
12 2012 20 6 6
12 2013 20 6 6
12 2014 20 6 6
12 2015 20 6 6
12 2016 20 6 6
12 2017 20 6 6
12 2018 20 6 6
12 2019 20 6 6
12 2020 20 6 6
12 2021 20 6 6
12 2022 20 6 6
12 2023 20 6 6
12 2024 20 6 6
12 2025 20 6 6
12 2026 20 6 6
12 2027 20 6 6
12 2028 20 6 6
12 2029 20 6 6
12 2030 20 510 510
12 2031 20 6 6
12 2032 20 6 6
12 2033 20 6 6
12 2034 20 6 6
12 2035 20 6 6
12 2036 20 6 6
12 2037 20 6 6
12 2038 20 6 6
12 2039 20 6 6
12 2040 20 6 6
12 2041 20 6 6
12 2042 20 6 6
12 2043 20 6 6
12 2044 20 6 6
12 2045 20 6 6
12 2046 20 6 6
12 2047 20 6 6
12 2048 20 6 6
12 2049 20 6 6
12 2050 20 6 6
12 2051 20 6 6
12 2052 20 6 6
12 2053 20 6 6
12 2054 20 6 6
12 2055 20 6 6
12 2056 20 6 6
12 2057 20 6 6
12 2058 20 6 6
12 2059 20 6 6
12 2060 20 6 6
12 2061 20 6 6
12 2062 20 6 6
12 2063 20 6 6
12 2064 20 6 6
12 2065 20 6 6
12 2066 20 6 6
12 2067 20 6 6
12 2068 20 6 6
12 2069 20 6 6
12 2070 20 6 6
12 2071 20 6 6
12 2072 20 6 6
12 2073 20 6 6
12 2074 20 6 6
12 2075 20 6 6
12 2076 20 6 6
12 2077 20 6 6
12 2078 20 6 6
12 2079 20 6 6
12 2080 20 6 6
12 2081 20 6 6
12 2082 20 6 6
12 2083 20 6 6
12 2084 20 6 6
12 2085 20 6 6
12 2086 20 6 6
12 2087 20 6 6
12 2088 20 6 6
12 2089 20 6 6
12 2090 20 6 6
12 2091 20 6 6
12 2092 20 6 6
12 2093 20 6 6
12 2094 20 6 6
12 2095 20 6 6
12 2096 20 6 6
12 2097 20 6 6
12 2098 20 6 6
12 2099 20 6 6
12 2100 20 6 6
12 2101 20 6 6
12 2102 20 6 6
12 2103 20 6 6
12 2104 20 6 6
12 2105 20 6 6
12 2106 20 6 6
12 2107 20 6 6
12 2108 20 6 6
12 2109 20 6 6
12 2110 20 6 6
12 2111 20 6 6
12 2112 20 264 264
12 2113 20 264 264
12 2114 20 264 264
12 2115 20 264 264
12 2116 20 264 264
12 2117 20 264 264
12 2118 20 264 264
12 2119 20 264 264
12 2120 20 264 264
12 2121 20 264 264
12 2122 20 264 264
12 2123 20 138 138
12 2124 20 126 126
12 2125 20 126 126
12 2126 20 126 126
12 2127 20 126 126
12 2128 20 126 126
12 2129 20 126 126
12 2130 20 126 126
12 2131 20 126 126
12 2132 20 126 126
12 2133 20 126 126
12 2134 20 504 504
12 2135 20 126 126
12 2136 20 126 126
12 2137 20 126 126
12 2138 20 90 90
12 2139 20 126 126
12 2140 20 126 126
12 2141 20 126 126
12 2142 20 126 126
12 2143 20 126 126
12 2144 20 126 126
12 2145 20 126 126
12 2146 20 126 126
12 2147 20 126 126
12 2148 20 126 126
12 2149 20 126 126
12 2150 20 126 126
12 2151 20 126 126
12 2152 20 126 126
12 2153 20 126 126
12 2154 20 126 126
12 2155 20 126 126
12 2156 20 126 126
12 2157 20 126 126
12 2158 20 126 126
12 2159 20 126 126
12 2160 20 126 126
12 2161 20 126 126
12 2162 20 126 126
12 2163 20 126 126
12 2164 20 126 126
12 2165 20 126 126
12 2166 20 126 126
12 2167 20 126 126
12 2168 20 126 126
12 2169 20 84 84
12 2170 20 84 84
12 2171 20 84 84
12 2172 20 84 84
12 2173 20 84 84
12 2174 20 84 84
12 2175 20 84 84
12 2176 20 84 84
12 2177 20 84 84
12 2178 20 84 84
12 2179 20 84 84
12 2180 20 72 72
12 2181 20 72 72
12 2182 20 72 72
12 2183 20 72 72
12 2184 20 72 72
12 2185 20 72 72
12 2186 20 72 72
12 2187 20 72 72
12 2188 20 72 72
12 2189 20 72 72
12 2190 20 72 72
12 2191 20 72 72
12 2192 20 288 288
12 2193 20 72 72
12 2194 20 72 72
12 2195 20 72 72
12 2196 20 72 72
12 2197 20 72 72
12 2198 20 72 72
12 2199 20 72 72
12 2200 20 72 72
12 2201 20 360 360
12 2202 20 72 72
12 2203 20 72 72
12 2204 20 72 72
12 2205 20 72 72
12 2206 20 72 72
12 2207 20 72 72
12 2208 20 72 72
12 2209 20 72 72
12 2210 20 72 72
12 2211 20 72 72
12 2212 20 72 72
12 2213 20 72 72
12 2214 20 72 72
12 2215 20 72 72
12 2216 20 72 72
12 2217 20 72 72
12 2218 20 72 72
12 2219 20 72 72
12 2220 20 72 72
12 2221 20 72 72
12 2222 20 72 72
12 2223 20 72 72
12 2224 20 72 72
12 2225 20 72 72
12 2226 20 72 72
12 2227 20 72 72
12 2228 20 72 72
12 2229 20 72 72
12 2230 20 72 72
12 2231 20 72 72
12 2232 20 72 72
12 2233 20 72 72
12 2234 20 72 72
12 2235 20 72 72
12 2236 20 72 72
12 2237 20 72 72
12 2238 20 72 72
12 2239 20 72 72
12 2240 20 72 72
12 2241 20 72 72
12 2242 20 72 72
12 2243 20 72 72
12 2244 20 72 72
12 2245 20 72 72
12 2246 20 72 72
12 2247 20 72 72
12 2248 20 72 72
12 2249 20 72 72
12 2250 20 72 72
12 2251 20 72 72
12 2252 20 72 72
12 2253 20 72 72
12 2254 20 72 72
12 2255 20 72 72
12 2256 20 72 72
12 2257 20 72 72
12 2258 20 72 72
12 2259 20 72 72
12 2260 20 72 72
12 2261 20 72 72
12 2262 20 72 72
12 2263 20 72 72
12 2264 20 72 72
12 2265 20 72 72
12 2266 20 72 72
12 2267 20 72 72
12 2268 20 72 72
12 2269 20 72 72
12 2270 20 72 72
12 2271 20 72 72
12 2272 20 72 72
12 2273 20 72 72
12 2274 20 72 72
12 2275 20 72 72
12 2276 20 72 72
12 2277 20 72 72
12 2278 20 72 72
12 2279 20 72 72
12 2280 20 72 72
12 2281 20 72 72
12 2282 20 72 72
12 2283 20 72 72
12 2284 20 72 72
12 2285 20 72 72
12 2286 20 72 72
12 2287 20 72 72
12 2288 20 72 72
12 2289 20 72 72
12 2290 20 72 72
12 2291 20 72 72
12 2292 20 288 288
12 2293 20 288 288
12 2294 20 288 288
12 2295 20 288 288
12 2296 20 288 288
12 2297 20 288 288
12 2298 20 288 288
12 2299 20 288 288
12 2300 20 288 288
12 2301 20 288 288
12 2302 20 288 288
12 2303 20 288 288
12 2304 20 72 72
12 2305 20 72 72
12 2306 20 72 72
12 2307 20 72 72
12 2308 20 72 72
12 2309 20 72 72
12 2310 20 72 72
12 2311 20 72 72
12 2312 20 72 72
12 2313 20 72 72
12 2314 20 72 72
12 2315 20 72 72
12 2316 20 72 72
12 2317 20 72 72
12 2318 20 72 72
12 2319 20 288 288
12 2320 20 72 72
12 2321 20 306 306
12 2322 20 72 72
12 2323 20 72 72
12 2324 20 72 72
12 2325 20 72 72
12 2326 20 72 72
12 2327 20 72 72
12 2328 20 72 72
12 2329 20 72 72
12 2330 20 72 72
12 2331 20 72 72
12 2332 20 72 72
12 2333 20 72 72
12 2334 20 72 72
12 2335 20 72 72
12 2336 20 72 72
12 2337 20 72 72
12 2338 20 72 72
12 2339 20 72 72
12 2340 20 72 72
12 2341 20 72 72
12 2342 20 72 72
12 2343 20 72 72
12 2344 20 78 78
12 2345 20 78 78
12 2346 20 78 78
12 2347 20 78 78
12 2348 20 78 78
12 2349 20 72 72
12 2350 20 72 72
12 2351 20 72 72
12 2352 20 72 72
12 2353 20 72 72
12 2354 20 72 72
12 2355 20 72 72
12 2356 20 72 72
12 2357 20 72 72
12 2358 20 72 72
12 2359 20 72 72
12 2360 20 72 72
12 2361 20 72 72
12 2362 20 72 72
12 2363 20 72 72
12 2364 20 72 72
12 2365 20 72 72
12 2366 20 72 72
12 2367 20 72 72
12 2368 20 72 72
12 2369 20 72 72
12 2370 20 72 72
12 2371 20 72 72
12 2372 20 72 72
12 2373 20 72 72
12 2374 20 72 72
12 2375 20 72 72
12 2376 20 72 72
12 2377 20 72 72
12 2378 20 72 72
12 2379 20 72 72
12 2380 20 72 72
12 2381 20 72 72
12 2382 20 72 72
12 2383 20 72 72
12 2384 20 72 72
12 2385 20 72 72
12 2386 20 72 72
12 2387 20 72 72
12 2388 20 72 72
12 2389 20 72 72
12 2390 20 72 72
12 2391 20 72 72
12 2392 20 72 72
12 2393 20 72 72
12 2394 20 72 72
12 2395 20 72 72
12 2396 20 72 72
12 2397 20 72 72
12 2398 20 72 72
12 2399 20 72 72
12 2400 20 72 72
12 2401 20 72 72
12 2402 20 72 72
12 2403 20 72 72
12 2404 20 72 72
12 2405 20 72 72
12 2406 20 72 72
12 2407 20 72 72
12 2408 20 72 72
12 2409 20 72 72
12 2410 20 72 72
12 2411 20 72 72
12 2412 20 72 72
12 2413 20 72 72
12 2414 20 72 72
12 2415 20 72 72
12 2416 20 72 72
12 2417 20 72 72
12 2418 20 72 72
12 2419 20 72 72
12 2420 20 72 72
12 2421 20 72 72
12 2422 20 72 72
12 2423 20 72 72
12 2424 20 72 72
12 2425 20 72 72
12 2426 20 72 72
12 2427 20 72 72
12 2428 20 72 72
12 2429 20 72 72
12 2430 20 72 72
12 2431 20 72 72
12 2432 20 72 72
12 2433 20 72 72
12 2434 20 72 72
12 2435 20 72 72
12 2436 20 72 72
12 2437 20 72 72
12 2438 20 72 72
12 2439 20 72 72
12 2440 20 72 72
12 2441 20 72 72
12 2442 20 72 72
12 2443 20 72 72
12 2444 20 72 72
12 2445 20 72 72
12 2446 20 72 72
12 2447 20 72 72
12 2448 20 72 72
12 2449 20 72 72
12 2450 20 72 72
12 2451 20 72 72
12 2452 20 72 72
12 2453 20 42 42
12 2454 20 42 42
12 2455 20 42 42
12 2456 20 42 42
12 2457 20 42 42
12 2458 20 42 42
12 2459 20 42 42
12 2460 20 42 42
12 2461 20 42 42
12 2462 20 42 42
12 2463 20 42 42
12 2464 20 42 42
12 2465 20 42 42
12 2466 20 42 42
12 2467 20 42 42
12 2468 20 42 42
12 2469 20 42 42
12 2470 20 42 42
12 2471 20 42 42
12 2472 20 42 42
12 2473 20 42 42
12 2474 20 42 42
12 2475 20 42 42
12 2476 20 42 42
12 2477 20 42 42
12 2478 20 42 42
12 2479 20 42 42
12 2480 20 42 42
12 2481 20 42 42
12 2482 20 42 42
12 2483 20 42 42
12 2484 20 42 42
12 2485 20 42 42
12 2486 20 42 42
12 2487 20 42 42
12 2488 20 42 42
12 2489 20 42 42
12 2490 20 42 42
12 2491 20 42 42
12 2492 20 198 198
12 2493 20 42 42
12 2494 20 42 42
12 2495 20 42 42
12 2496 20 42 42
12 2497 20 42 42
12 2498 20 42 42
12 2499 20 42 42
12 2500 20 42 42
12 2501 20 42 42
12 2502 20 42 42
12 2503 20 42 42
12 2504 20 42 42
12 2505 20 42 42
12 2506 20 42 42
12 2507 20 42 42
12 2508 20 42 42
12 2509 20 96 96
12 2510 20 42 42
12 2511 20 42 42
12 2512 20 42 42
12 2513 20 42 42
12 2514 20 42 42
12 2515 20 42 42
12 2516 20 42 42
12 2517 20 42 42
12 2518 20 42 42
12 2519 20 42 42
12 2520 20 42 42
12 2521 20 42 42
12 2522 20 42 42
12 2523 20 42 42
12 2524 20 42 42
12 2525 20 42 42
12 2526 20 42 42
12 2527 20 96 96
12 2528 20 42 42
12 2529 20 42 42
12 2530 20 42 42
12 2531 20 42 42
12 2532 20 372 372
12 2533 20 90 90
12 2534 20 42 42
12 2535 20 42 42
12 2536 20 42 42
12 2537 20 42 42
12 2538 20 42 42
12 2539 20 42 42
12 2540 20 96 96
12 2541 20 42 42
12 2542 20 42 42
12 2543 20 42 42
12 2544 20 42 42
12 2545 20 42 42
12 2546 20 42 42
12 2547 20 42 42
12 2548 20 42 42
12 2549 20 96 96
12 2550 20 30 30
12 2551 20 30 30
12 2552 20 30 30
12 2553 20 30 30
12 2554 20 30 30
12 2555 20 30 30
12 2556 20 30 30
12 2557 20 30 30
12 2558 20 30 30
12 2559 20 30 30
12 2560 20 30 30
12 2561 20 30 30
12 2562 20 30 30
12 2563 20 30 30
12 2564 20 30 30
12 2565 20 30 30
12 2566 20 30 30
12 2567 20 30 30
12 2568 20 120 120
12 2569 20 30 30
12 2570 20 30 30
12 2571 20 30 30
12 2572 20 30 30
12 2573 20 30 30
12 2574 20 30 30
12 2575 20 30 30
12 2576 20 30 30
12 2577 20 30 30
12 2578 20 30 30
12 2579 20 30 30
12 2580 20 30 30
12 2581 20 30 30
12 2582 20 30 30
12 2583 20 30 30
12 2584 20 30 30
12 2585 20 30 30
12 2586 20 30 30
12 2587 20 30 30
12 2588 20 30 30
12 2589 20 30 30
12 2590 20 30 30
12 2591 20 30 30
12 2592 20 30 30
12 2593 20 30 30
12 2594 20 30 30
12 2595 20 30 30
12 2596 20 30 30
12 2597 20 30 30
12 2598 20 30 30
12 2599 20 30 30
12 2600 20 30 30
12 2601 20 30 30
12 2602 20 30 30
12 2603 20 30 30
12 2604 20 30 30
12 2605 20 30 30
12 2606 20 30 30
12 2607 20 30 30
12 2608 20 30 30
12 2609 20 30 30
12 2610 20 30 30
12 2611 20 30 30
12 2612 20 30 30
12 2613 20 30 30
12 2614 20 30 30
12 2615 20 30 30
12 2616 20 150 150
12 2617 20 30 30
12 2618 20 30 30
12 2619 20 30 30
12 2620 20 30 30
12 2621 20 30 30
12 2622 20 30 30
12 2623 20 30 30
12 2624 20 30 30
12 2625 20 30 30
12 2626 20 30 30
12 2627 20 30 30
12 2628 20 30 30
12 2629 20 30 30
12 2630 20 30 30
12 2631 20 30 30
12 2632 20 30 30
12 2633 20 30 30
12 2634 20 30 30
12 2635 20 30 30
12 2636 20 30 30
12 2637 20 30 30
12 2638 20 30 30
12 2639 20 30 30
12 2640 20 30 30
12 2641 20 30 30
12 2642 20 30 30
12 2643 20 30 30
12 2644 20 30 30
12 2645 20 30 30
12 2646 20 30 30
12 2647 20 30 30
12 2648 20 30 30
12 2649 20 30 30
12 2650 20 30 30
12 2651 20 30 30
12 2652 20 30 30
12 2653 20 30 30
12 2654 20 30 30
12 2655 20 30 30
12 2656 20 30 30
12 2657 20 30 30
12 2658 20 120 120
12 2659 20 120 120
12 2660 20 120 120
12 2661 20 120 120
12 2662 20 120 120
12 2663 20 120 120
12 2664 20 120 120
12 2665 20 120 120
12 2666 20 120 120
12 2667 20 120 120
12 2668 20 120 120
12 2669 20 120 120
12 2670 20 120 120
12 2671 20 120 120
12 2672 20 120 120
12 2673 20 120 120
12 2674 20 120 120
12 2675 20 120 120
12 2676 20 30 30
12 2677 20 30 30
12 2678 20 30 30
12 2679 20 30 30
12 2680 20 30 30
12 2681 20 30 30
12 2682 20 30 30
12 2683 20 30 30
12 2684 20 30 30
12 2685 20 30 30
12 2686 20 30 30
12 2687 20 30 30
12 2688 20 30 30
12 2689 20 30 30
12 2690 20 30 30
12 2691 20 30 30
12 2692 20 30 30
12 2693 20 30 30
12 2694 20 30 30
12 2695 20 30 30
12 2696 20 30 30
12 2697 20 30 30
12 2698 20 30 30
12 2699 20 30 30
12 2700 20 30 30
12 2701 20 30 30
12 2702 20 30 30
12 2703 20 30 30
12 2704 20 30 30
12 2705 20 30 30
12 2706 20 30 30
12 2707 20 30 30
12 2708 20 150 150
12 2709 20 150 150
12 2710 20 150 150
12 2711 20 150 150
12 2712 20 150 150
12 2713 20 30 30
12 2714 20 30 30
12 2715 20 30 30
12 2716 20 30 30
12 2717 20 30 30
12 2718 20 30 30
12 2719 20 30 30
12 2720 20 30 30
12 2721 20 30 30
12 2722 20 30 30
12 2723 20 30 30
12 2724 20 30 30
12 2725 20 30 30
12 2726 20 30 30
12 2727 20 30 30
12 2728 20 30 30
12 2729 20 30 30
12 2730 20 30 30
12 2731 20 30 30
12 2732 20 30 30
12 2733 20 30 30
12 2734 20 30 30
12 2735 20 30 30
12 2736 20 30 30
12 2737 20 30 30
12 2738 20 30 30
12 2739 20 30 30
12 2740 20 30 30
12 2741 20 30 30
12 2742 20 30 30
12 2743 20 30 30
12 2744 20 30 30
12 2745 20 30 30
12 2746 20 30 30
12 2747 20 30 30
12 2748 20 30 30
12 2749 20 30 30
12 2750 20 30 30
12 2751 20 30 30
12 2752 20 30 30
12 2753 20 30 30
12 2754 20 30 30
12 2755 20 30 30
12 2756 20 30 30
12 2757 20 30 30
12 2758 20 30 30
12 2759 20 30 30
12 2760 20 30 30
12 2761 20 30 30
12 2762 20 30 30
12 2763 20 30 30
12 2764 20 30 30
12 2765 20 30 30
12 2766 20 30 30
12 2767 20 30 30
12 2768 20 30 30
12 2769 20 30 30
12 2770 20 30 30
12 2771 20 30 30
12 2772 20 30 30
12 2773 20 30 30
12 2774 20 30 30
12 2775 20 30 30
12 2776 20 30 30
12 2777 20 30 30
12 2778 20 30 30
12 2779 20 30 30
12 2780 20 30 30
12 2781 20 30 30
12 2782 20 30 30
12 2783 20 30 30
12 2784 20 30 30
12 2785 20 30 30
12 2786 20 30 30
12 2787 20 30 30
12 2788 20 30 30
12 2789 20 30 30
12 2790 20 30 30
12 2791 20 30 30
12 2792 20 30 30
12 2793 20 30 30
12 2794 20 30 30
12 2795 20 30 30
12 2796 20 30 30
12 2797 20 30 30
12 2798 20 30 30
12 2799 20 30 30
12 2800 20 30 30
12 2801 20 30 30
12 2802 20 30 30
12 2803 20 30 30
12 2804 20 30 30
12 2805 20 30 30
12 2806 20 30 30
12 2807 20 30 30
12 2808 20 30 30
12 2809 20 30 30
12 2810 20 30 30
12 2811 20 30 30
12 2812 20 30 30
12 2813 20 30 30
12 2814 20 30 30
12 2815 20 30 30
12 2816 20 30 30
12 2817 20 30 30
12 2818 20 30 30
12 2819 20 30 30
12 2820 20 30 30
12 2821 20 30 30
12 2822 20 30 30
12 2823 20 30 30
12 2824 20 30 30
12 2825 20 30 30
12 2826 20 30 30
12 2827 20 30 30
12 2828 20 30 30
12 2829 20 30 30
12 2830 20 30 30
12 2831 20 30 30
12 2832 20 30 30
12 2833 20 30 30
12 2834 20 30 30
12 2835 20 30 30
12 2836 20 30 30
12 2837 20 30 30
12 2838 20 30 30
12 2839 20 30 30
12 2840 20 30 30
12 2841 20 30 30
12 2842 20 30 30
12 2843 20 30 30
12 2844 20 30 30
12 2845 20 30 30
12 2846 20 30 30
12 2847 20 30 30
12 2848 20 30 30
12 2849 20 30 30
12 2850 20 30 30
12 2851 20 30 30
12 2852 20 30 30
12 2853 20 30 30
12 2854 20 30 30
12 2855 20 30 30
12 2856 20 30 30
12 2857 20 30 30
12 2858 20 30 30
12 2859 20 30 30
12 2860 20 30 30
12 2861 20 30 30
12 2862 20 30 30
12 2863 20 30 30
12 2864 20 30 30
12 2865 20 30 30
12 2866 20 30 30
12 2867 20 30 30
12 2868 20 30 30
12 2869 20 120 120
12 2870 20 30 30
12 2871 20 30 30
12 2872 20 30 30
12 2873 20 30 30
12 2874 20 30 30
12 2875 20 30 30
12 2876 20 30 30
12 2877 20 30 30
12 2878 20 30 30
12 2879 20 30 30
12 2880 20 30 30
12 2881 20 30 30
12 2882 20 30 30
12 2883 20 30 30
12 2884 20 30 30
12 2885 20 30 30
12 2886 20 30 30
12 2887 20 30 30
12 2888 20 30 30
12 2889 20 30 30
12 2890 20 30 30
12 2891 20 30 30
12 2892 20 30 30
12 2893 20 30 30
12 2894 20 30 30
12 2895 20 30 30
12 2896 20 30 30
12 2897 20 30 30
12 2898 20 30 30
12 2899 20 30 30
12 2900 20 30 30
12 2901 20 30 30
12 2902 20 30 30
12 2903 20 30 30
12 2904 20 30 30
12 2905 20 30 30
12 2906 20 30 30
12 2907 20 30 30
12 2908 20 30 30
12 2909 20 30 30
12 2910 20 30 30
12 2911 20 30 30
12 2912 20 30 30
12 2913 20 30 30
12 2914 20 30 30
12 2915 20 30 30
12 2916 20 30 30
12 2917 20 30 30
12 2918 20 30 30
12 2919 20 30 30
12 2920 20 30 30
12 2921 20 30 30
12 2922 20 30 30
12 2923 20 30 30
12 2924 20 30 30
12 2925 20 30 30
12 2926 20 30 30
12 2927 20 30 30
12 2928 20 30 30
12 2929 20 30 30
12 2930 20 30 30
12 2931 20 30 30
12 2932 20 30 30
12 2933 20 150 150
12 2934 20 30 30
12 2935 20 30 30
12 2936 20 30 30
12 2937 20 30 30
12 2938 20 30 30
12 2939 20 30 30
12 2940 20 30 30
12 2941 20 30 30
12 2942 20 30 30
12 2943 20 30 30
12 2944 20 30 30
12 2945 20 30 30
12 2946 20 30 30
12 2947 20 30 30
12 2948 20 30 30
12 2949 20 30 30
12 2950 20 30 30
12 2951 20 30 30
12 2952 20 30 30
12 2953 20 30 30
12 2954 20 30 30
12 2955 20 30 30
12 2956 20 30 30
12 2957 20 30 30
12 2958 20 30 30
12 2959 20 30 30
12 2960 20 30 30
12 2961 20 30 30
12 2962 20 30 30
12 2963 20 30 30
12 2964 20 30 30
12 2965 20 30 30
12 2966 20 30 30
12 2967 20 30 30
12 2968 20 30 30
12 2969 20 30 30
12 2970 20 30 30
12 2971 20 30 30
12 2972 20 30 30
12 2973 20 30 30
12 2974 20 30 30
12 2975 20 30 30
12 2976 20 30 30
12 2977 20 30 30
12 2978 20 30 30
12 2979 20 30 30
12 2980 20 30 30
12 2981 20 30 30
12 2982 20 30 30
12 2983 20 30 30
12 2984 20 30 30
12 2985 20 30 30
12 2986 20 30 30
12 2987 20 30 30
12 2988 20 30 30
12 2989 20 30 30
12 2990 20 30 30
12 2991 20 30 30
12 2992 20 30 30
12 2993 20 30 30
12 2994 20 30 30
12 2995 20 30 30
12 2996 20 30 30
12 2997 20 30 30
12 2998 20 30 30
12 2999 20 30 30
12 3000 20 30 30
12 3001 20 30 30
12 3002 20 30 30
12 3003 20 30 30
12 3004 20 30 30
12 3005 20 30 30
12 3006 20 30 30
12 3007 20 30 30
12 3008 20 30 30
12 3009 20 30 30
12 3010 20 30 30
12 3011 20 30 30
12 3012 20 30 30
12 3013 20 30 30
12 3014 20 30 30
12 3015 20 30 30
12 3016 20 30 30
12 3017 20 30 30
12 3018 20 30 30
12 3019 20 30 30
12 3020 20 30 30
12 3021 20 30 30
12 3022 20 30 30
12 3023 20 30 30
12 3024 20 30 30
12 3025 20 30 30
12 3026 20 30 30
12 3027 20 30 30
12 3028 20 30 30
12 3029 20 30 30
12 3030 20 30 30
12 3031 20 30 30
12 3032 20 30 30
12 3033 20 30 30
12 3034 20 30 30
12 3035 20 30 30
12 3036 20 30 30
12 3037 20 30 30
12 3038 20 30 30
12 3039 20 30 30
12 3040 20 30 30
12 3041 20 30 30
12 3042 20 30 30
12 3043 20 30 30
12 3044 20 30 30
12 3045 20 120 120
12 3046 20 30 30
12 3047 20 30 30
12 3048 20 30 30
12 3049 20 30 30
12 3050 20 30 30
12 3051 20 30 30
12 3052 20 30 30
12 3053 20 30 30
12 3054 20 30 30
12 3055 20 30 30
12 3056 20 30 30
12 3057 20 30 30
12 3058 20 30 30
12 3059 20 120 120
12 3060 20 120 120
12 3061 20 120 120
12 3062 20 120 120
12 3063 20 120 120
12 3064 20 120 120
12 3065 20 120 120
12 3066 20 120 120
12 3067 20 120 120
12 3068 20 120 120
12 3069 20 120 120
12 3070 20 120 120
12 3071 20 120 120
12 3072 20 120 120
12 3073 20 120 120
12 3074 20 120 120
12 3075 20 120 120
12 3076 20 120 120
12 3077 20 120 120
12 3078 20 120 120
12 3079 20 120 120
12 3080 20 120 120
12 3081 20 120 120
12 3082 20 120 120
12 3083 20 120 120
12 3084 20 120 120
12 3085 20 120 120
12 3086 20 120 120
12 3087 20 120 120
12 3088 20 120 120
12 3089 20 120 120
12 3090 20 120 120
12 3091 20 120 120
12 3092 20 120 120
12 3093 20 120 120
12 3094 20 120 120
12 3095 20 120 120
12 3096 20 120 120
12 3097 20 120 120
12 3098 20 120 120
12 3099 20 120 120
12 3100 20 120 120
12 3101 20 120 120
12 3102 20 120 120
12 3103 20 120 120
12 3104 20 120 120
12 3105 20 120 120
12 3106 20 120 120
12 3107 20 120 120
12 3108 20 120 120
12 3109 20 120 120
12 3110 20 120 120
12 3111 20 120 120
12 3112 20 120 120
12 3113 20 120 120
12 3114 20 120 120
12 3115 20 120 120
12 3116 20 120 120
12 3117 20 120 120
12 3118 20 120 120
12 3119 20 120 120
12 3120 20 120 120
12 3121 20 120 120
12 3122 20 120 120
12 3123 20 120 120
12 3124 20 120 120
12 3125 20 120 120
12 3126 20 120 120
12 3127 20 120 120
12 3128 20 120 120
12 3129 20 120 120
12 3130 20 120 120
12 3131 20 120 120
12 3132 20 120 120
12 3133 20 120 120
12 3134 20 120 120
12 3135 20 120 120
12 3136 20 120 120
12 3137 20 120 120
12 3138 20 120 120
12 3139 20 120 120
12 3140 20 120 120
12 3141 20 120 120
12 3142 20 120 120
12 3143 20 120 120
12 3144 20 120 120
12 3145 20 120 120
12 3146 20 120 120
12 3147 20 120 120
12 3148 20 120 120
12 3149 20 120 120
12 3150 20 120 120
12 3151 20 30 30
12 3152 20 30 30
12 3153 20 30 30
12 3154 20 30 30
12 3155 20 30 30
12 3156 20 30 30
12 3157 20 360 360
12 3158 20 30 30
12 3159 20 30 30
12 3160 20 30 30
12 3161 20 30 30
12 3162 20 30 30
12 3163 20 30 30
12 3164 20 30 30
12 3165 20 30 30
12 3166 20 30 30
12 3167 20 30 30
12 3168 20 30 30
12 3169 20 30 30
12 3170 20 30 30
12 3171 20 30 30
12 3172 20 30 30
12 3173 20 30 30
12 3174 20 30 30
12 3175 20 30 30
12 3176 20 30 30
12 3177 20 30 30
12 3178 20 30 30
12 3179 20 30 30
12 3180 20 30 30
12 3181 20 30 30
12 3182 20 30 30
12 3183 20 30 30
12 3184 20 30 30
12 3185 20 30 30
12 3186 20 30 30
12 3187 20 30 30
12 3188 20 30 30
12 3189 20 30 30
12 3190 20 30 30
12 3191 20 30 30
12 3192 20 30 30
12 3193 20 30 30
12 3194 20 30 30
12 3195 20 30 30
12 3196 20 30 30
12 3197 20 30 30
12 3198 20 30 30
12 3199 20 30 30
12 3200 20 30 30
12 3201 20 30 30
12 3202 20 30 30
12 3203 20 30 30
12 3204 20 30 30
12 3205 20 30 30
12 3206 20 30 30
12 3207 20 30 30
12 3208 20 30 30
12 3209 20 30 30
12 3210 20 30 30
12 3211 20 30 30
12 3212 20 30 30
12 3213 20 30 30
12 3214 20 120 120
12 3215 20 30 30
12 3216 20 30 30
12 3217 20 30 30
12 3218 20 30 30
12 3219 20 30 30
12 3220 20 30 30
12 3221 20 30 30
12 3222 20 30 30
12 3223 20 30 30
12 3224 20 150 150
12 3225 20 30 30
12 3226 20 30 30
12 3227 20 30 30
12 3228 20 30 30
12 3229 20 30 30
12 3230 20 30 30
12 3231 20 30 30
12 3232 20 30 30
12 3233 20 30 30
12 3234 20 30 30
12 3235 20 30 30
12 3236 20 30 30
12 3237 20 30 30
12 3238 20 30 30
12 3239 20 30 30
12 3240 20 30 30
12 3241 20 30 30
12 3242 20 30 30
12 3243 20 30 30
12 3244 20 30 30
12 3245 20 30 30
12 3246 20 30 30
12 3247 20 30 30
12 3248 20 30 30
12 3249 20 30 30
12 3250 20 30 30
12 3251 20 30 30
12 3252 20 30 30
12 3253 20 30 30
12 3254 20 30 30
12 3255 20 30 30
12 3256 20 30 30
12 3257 20 30 30
12 3258 20 30 30
12 3259 20 30 30
12 3260 20 30 30
12 3261 20 30 30
12 3262 20 30 30
12 3263 20 30 30
12 3264 20 30 30
12 3265 20 30 30
12 3266 20 30 30
12 3267 20 30 30
12 3268 20 30 30
12 3269 20 30 30
12 3270 20 30 30
12 3271 20 30 30
12 3272 20 30 30
12 3273 20 30 30
12 3274 20 30 30
12 3275 20 30 30
12 3276 20 30 30
12 3277 20 30 30
12 3278 20 30 30
12 3279 20 30 30
12 3280 20 30 30
12 3281 20 30 30
12 3282 20 30 30
12 3283 20 30 30
12 3284 20 30 30
12 3285 20 120 120
12 3286 20 30 30
12 3287 20 30 30
12 3288 20 30 30
12 3289 20 30 30
12 3290 20 30 30
12 3291 20 30 30
12 3292 20 30 30
12 3293 20 552 552
12 3294 20 30 30
12 3295 20 30 30
12 3296 20 30 30
12 3297 20 120 120
12 3298 20 120 120
12 3299 20 120 120
12 3300 20 120 120
12 3301 20 120 120
12 3302 20 120 120
12 3303 20 120 120
12 3304 20 120 120
12 3305 20 120 120
12 3306 20 120 120
12 3307 20 120 120
12 3308 20 150 150
12 3309 20 30 30
12 3310 20 30 30
12 3311 20 30 30
12 3312 20 30 30
12 3313 20 246 246
12 3314 20 246 246
12 3315 20 246 246
12 3316 20 246 246
12 3317 20 246 246
12 3318 20 138 138
12 3319 20 30 30
12 3320 20 30 30
12 3321 20 30 30
12 3322 20 30 30
12 3323 20 30 30
12 3324 20 30 30
12 3325 20 30 30
12 3326 20 30 30
12 3327 20 30 30
12 3328 20 30 30
12 3329 20 30 30
12 3330 20 30 30
12 3331 20 30 30
12 3332 20 30 30
12 3333 20 30 30
12 3334 20 30 30
12 3335 20 30 30
12 3336 20 30 30
12 3337 20 30 30
12 3338 20 30 30
12 3339 20 30 30
12 3340 20 30 30
12 3341 20 30 30
12 3342 20 30 30
12 3343 20 30 30
12 3344 20 30 30
12 3345 20 30 30
12 3346 20 30 30
12 3347 20 30 30
12 3348 20 30 30
12 3349 20 30 30
12 3350 20 30 30
12 3351 20 30 30
12 3352 20 30 30
12 3353 20 30 30
12 3354 20 30 30
12 3355 20 30 30
12 3356 20 30 30
12 3357 20 30 30
12 3358 20 30 30
12 3359 20 30 30
12 3360 20 30 30
12 3361 20 30 30
12 3362 20 30 30
12 3363 20 30 30
12 3364 20 30 30
12 3365 20 30 30
12 3366 20 30 30
12 3367 20 30 30
12 3368 20 30 30
12 3369 20 30 30
12 3370 20 30 30
12 3371 20 30 30
12 3372 20 30 30
12 3373 20 30 30
12 3374 20 30 30
12 3375 20 150 150
12 3376 20 150 150
12 3377 20 150 150
12 3378 20 150 150
12 3379 20 150 150
12 3380 20 150 150
12 3381 20 150 150
12 3382 20 150 150
12 3383 20 150 150
12 3384 20 30 30
12 3385 20 30 30
12 3386 20 30 30
12 3387 20 30 30
12 3388 20 30 30
12 3389 20 30 30
12 3390 20 30 30
12 3391 20 30 30
12 3392 20 30 30
12 3393 20 30 30
12 3394 20 30 30
12 3395 20 30 30
12 3396 20 30 30
12 3397 20 30 30
12 3398 20 30 30
12 3399 20 30 30
12 3400 20 30 30
12 3401 20 30 30
12 3402 20 30 30
12 3403 20 30 30
12 3404 20 30 30
12 3405 20 30 30
12 3406 20 30 30
12 3407 20 30 30
12 3408 20 30 30
12 3409 20 30 30
12 3410 20 30 30
12 3411 20 30 30
12 3412 20 30 30
12 3413 20 30 30
12 3414 20 30 30
12 3415 20 30 30
12 3416 20 30 30
12 3417 20 30 30
12 3418 20 30 30
12 3419 20 30 30
12 3420 20 30 30
12 3421 20 30 30
12 3422 20 30 30
12 3423 20 30 30
12 3424 20 30 30
12 3425 20 30 30
12 3426 20 30 30
12 3427 20 30 30
12 3428 20 30 30
12 3429 20 30 30
12 3430 20 30 30
12 3431 20 30 30
12 3432 20 30 30
12 3433 20 30 30
12 3434 20 30 30
12 3435 20 30 30
12 3436 20 30 30
12 3437 20 30 30
12 3438 20 30 30
12 3439 20 30 30
12 3440 20 30 30
12 3441 20 30 30
12 3442 20 30 30
12 3443 20 30 30
12 3444 20 30 30
12 3445 20 30 30
12 3446 20 30 30
12 3447 20 30 30
12 3448 20 30 30
12 3449 20 30 30
12 3450 20 30 30
12 3451 20 30 30
12 3452 20 30 30
12 3453 20 30 30
12 3454 20 30 30
12 3455 20 30 30
12 3456 20 30 30
12 3457 20 30 30
12 3458 20 30 30
12 3459 20 30 30
12 3460 20 30 30
12 3461 20 30 30
12 3462 20 30 30
12 3463 20 30 30
12 3464 20 30 30
12 3465 20 30 30
12 3466 20 30 30
12 3467 20 30 30
12 3468 20 30 30
12 3469 20 30 30
12 3470 20 30 30
12 3471 20 30 30
12 3472 20 30 30
12 3473 20 30 30
12 3474 20 30 30
12 3475 20 30 30
12 3476 20 30 30
12 3477 20 30 30
12 3478 20 30 30
12 3479 20 30 30
12 3480 20 30 30
12 3481 20 30 30
12 3482 20 30 30
12 3483 20 30 30
12 3484 20 30 30
12 3485 20 30 30
12 3486 20 30 30
12 3487 20 30 30
12 3488 20 30 30
12 3489 20 30 30
12 3490 20 30 30
12 3491 20 30 30
12 3492 20 30 30
12 3493 20 30 30
12 3494 20 30 30
12 3495 20 30 30
12 3496 20 30 30
12 3497 20 30 30
12 3498 20 30 30
12 3499 20 30 30
12 3500 20 30 30
12 3501 20 30 30
12 3502 20 30 30
12 3503 20 30 30
12 3504 20 30 30
12 3505 20 30 30
12 3506 20 30 30
12 3507 20 30 30
12 3508 20 30 30
12 3509 20 30 30
12 3510 20 30 30
12 3511 20 30 30
12 3512 20 30 30
12 3513 20 30 30
12 3514 20 30 30
12 3515 20 30 30
12 3516 20 30 30
12 3517 20 30 30
12 3518 20 30 30
12 3519 20 30 30
12 3520 20 30 30
12 3521 20 30 30
12 3522 20 30 30
12 3523 20 30 30
12 3524 20 30 30
12 3525 20 30 30
12 3526 20 30 30
12 3527 20 30 30
12 3528 20 30 30
12 3529 20 30 30
12 3530 20 30 30
12 3531 20 30 30
12 3532 20 30 30
12 3533 20 30 30
12 3534 20 30 30
12 3535 20 30 30
12 3536 20 30 30
12 3537 20 30 30
12 3538 20 30 30
12 3539 20 30 30
12 3540 20 30 30
12 3541 20 30 30
12 3542 20 30 30
12 3543 20 30 30
12 3544 20 30 30
12 3545 20 30 30
12 3546 20 30 30
12 3547 20 30 30
12 3548 20 30 30
12 3549 20 30 30
12 3550 20 30 30
12 3551 20 30 30
12 3552 20 30 30
12 3553 20 30 30
12 3554 20 30 30
12 3555 20 30 30
12 3556 20 30 30
12 3557 20 30 30
12 3558 20 30 30
12 3559 20 30 30
12 3560 20 30 30
12 3561 20 30 30
12 3562 20 30 30
12 3563 20 30 30
12 3564 20 30 30
12 3565 20 30 30
12 3566 20 30 30
12 3567 20 30 30
12 3568 20 30 30
12 3569 20 30 30
12 3570 20 30 30
12 3571 20 30 30
12 3572 20 30 30
12 3573 20 30 30
12 3574 20 30 30
12 3575 20 30 30
12 3576 20 30 30
12 3577 20 30 30
12 3578 20 30 30
12 3579 20 30 30
12 3580 20 30 30
12 3581 20 30 30
12 3582 20 30 30
12 3583 20 30 30
12 3584 20 30 30
12 3585 20 30 30
12 3586 20 30 30
12 3587 20 30 30
12 3588 20 30 30
12 3589 20 30 30
12 3590 20 30 30
12 3591 20 30 30
12 3592 20 30 30
12 3593 20 30 30
12 3594 20 30 30
12 3595 20 30 30
12 3596 20 30 30
12 3597 20 30 30
12 3598 20 30 30
12 3599 20 30 30
12 3600 20 30 30
12 3601 20 30 30
12 3602 20 30 30
12 3603 20 30 30
12 3604 20 30 30
12 3605 20 30 30
12 3606 20 30 30
12 3607 20 30 30
12 3608 20 30 30
12 3609 20 30 30
12 3610 20 30 30
12 3611 20 30 30
12 3612 20 30 30
12 3613 20 30 30
12 3614 20 30 30
12 3615 20 30 30
12 3616 20 30 30
12 3617 20 30 30
12 3618 20 30 30
12 3619 20 30 30
12 3620 20 30 30
12 3621 20 30 30
12 3622 20 30 30
12 3623 20 30 30
12 3624 20 30 30
12 3625 20 30 30
12 3626 20 30 30
12 3627 20 30 30
12 3628 20 30 30
12 3629 20 30 30
12 3630 20 30 30
12 3631 20 30 30
12 3632 20 30 30
12 3633 20 30 30
12 3634 20 30 30
12 3635 20 30 30
12 3636 20 30 30
12 3637 20 30 30
12 3638 20 30 30
12 3639 20 30 30
12 3640 20 30 30
12 3641 20 30 30
12 3642 20 30 30
12 3643 20 30 30
12 3644 20 30 30
12 3645 20 30 30
12 3646 20 30 30
12 3647 20 30 30
12 3648 20 30 30
12 3649 20 30 30
12 3650 20 30 30
12 3651 20 30 30
12 3652 20 30 30
12 3653 20 30 30
12 3654 20 30 30
12 3655 20 30 30
12 3656 20 30 30
12 3657 20 30 30
12 3658 20 30 30
12 3659 20 30 30
12 3660 20 30 30
12 3661 20 30 30
12 3662 20 30 30
12 3663 20 30 30
12 3664 20 30 30
12 3665 20 30 30
12 3666 20 30 30
12 3667 20 30 30
12 3668 20 30 30
12 3669 20 30 30
12 3670 20 30 30
12 3671 20 30 30
12 3672 20 30 30
12 3673 20 30 30
12 3674 20 30 30
12 3675 20 30 30
12 3676 20 30 30
12 3677 20 30 30
12 3678 20 30 30
12 3679 20 168 168
12 3680 20 168 168
12 3681 20 168 168
12 3682 20 168 168
12 3683 20 168 168
12 3684 20 168 168
12 3685 20 168 168
12 3686 20 168 168
12 3687 20 168 168
12 3688 20 168 168
12 3689 20 168 168
12 3690 20 168 168
12 3691 20 168 168
12 3692 20 168 168
12 3693 20 168 168
12 3694 20 168 168
12 3695 20 168 168
12 3696 20 114 114
12 3697 20 168 168
12 3698 20 168 168
12 3699 20 168 168
12 3700 20 168 168
12 3701 20 168 168
12 3702 20 168 168
12 3703 20 168 168
12 3704 20 168 168
12 3705 20 168 168
12 3706 20 138 138
12 3707 20 114 114
12 3708 20 30 30
12 3709 20 30 30
12 3710 20 30 30
12 3711 20 30 30
12 3712 20 30 30
12 3713 20 30 30
12 3714 20 30 30
12 3715 20 30 30
12 3716 20 30 30
12 3717 20 30 30
12 3718 20 30 30
12 3719 20 30 30
12 3720 20 30 30
12 3721 20 30 30
12 3722 20 30 30
12 3723 20 30 30
12 3724 20 30 30
12 3725 20 30 30
12 3726 20 30 30
12 3727 20 30 30
12 3728 20 30 30
12 3729 20 30 30
12 3730 20 30 30
12 3731 20 30 30
12 3732 20 30 30
12 3733 20 30 30
12 3734 20 30 30
12 3735 20 30 30
12 3736 20 30 30
12 3737 20 30 30
12 3738 20 30 30
12 3739 20 30 30
12 3740 20 30 30
12 3741 20 30 30
12 3742 20 30 30
12 3743 20 30 30
12 3744 20 30 30
12 3745 20 30 30
12 3746 20 30 30
12 3747 20 30 30
12 3748 20 30 30
12 3749 20 30 30
12 3750 20 30 30
12 3751 20 30 30
12 3752 20 30 30
12 3753 20 30 30
12 3754 20 30 30
12 3755 20 30 30
12 3756 20 30 30
12 3757 20 30 30
12 3758 20 30 30
12 3759 20 30 30
12 3760 20 30 30
12 3761 20 30 30
12 3762 20 30 30
12 3763 20 30 30
12 3764 20 30 30
12 3765 20 30 30
12 3766 20 30 30
12 3767 20 30 30
12 3768 20 30 30
12 3769 20 30 30
12 3770 20 30 30
12 3771 20 30 30
12 3772 20 30 30
12 3773 20 30 30
12 3774 20 30 30
12 3775 20 30 30
12 3776 20 30 30
12 3777 20 30 30
12 3778 20 30 30
12 3779 20 30 30
12 3780 20 30 30
12 3781 20 30 30
12 3782 20 30 30
12 3783 20 30 30
12 3784 20 30 30
12 3785 20 30 30
12 3786 20 30 30
12 3787 20 30 30
12 3788 20 30 30
12 3789 20 30 30
12 3790 20 30 30
12 3791 20 30 30
12 3792 20 30 30
12 3793 20 30 30
12 3794 20 30 30
12 3795 20 30 30
12 3796 20 30 30
12 3797 20 30 30
12 3798 20 30 30
12 3799 20 30 30
12 3800 20 30 30
12 3801 20 30 30
12 3802 20 30 30
12 3803 20 30 30
12 3804 20 30 30
12 3805 20 30 30
12 3806 20 30 30
12 3807 20 30 30
12 3808 20 30 30
12 3809 20 30 30
12 3810 20 30 30
12 3811 20 30 30
12 3812 20 30 30
12 3813 20 30 30
12 3814 20 30 30
12 3815 20 36 36
12 3816 20 36 36
12 3817 20 36 36
12 3818 20 36 36
12 3819 20 36 36
12 3820 20 36 36
12 3821 20 36 36
12 3822 20 36 36
12 3823 20 36 36
12 3824 20 36 36
12 3825 20 36 36
12 3826 20 36 36
12 3827 20 36 36
12 3828 20 36 36
12 3829 20 36 36
12 3830 20 36 36
12 3831 20 36 36
12 3832 20 144 144
12 3833 20 36 36
12 3834 20 36 36
12 3835 20 36 36
12 3836 20 36 36
12 3837 20 36 36
12 3838 20 36 36
12 3839 20 36 36
12 3840 20 36 36
12 3841 20 36 36
12 3842 20 36 36
12 3843 20 36 36
12 3844 20 36 36
12 3845 20 36 36
12 3846 20 36 36
12 3847 20 36 36
12 3848 20 36 36
12 3849 20 36 36
12 3850 20 36 36
12 3851 20 36 36
12 3852 20 36 36
12 3853 20 36 36
12 3854 20 36 36
12 3855 20 36 36
12 3856 20 36 36
12 3857 20 36 36
12 3858 20 36 36
12 3859 20 36 36
12 3860 20 36 36
12 3861 20 36 36
12 3862 20 36 36
12 3863 20 36 36
12 3864 20 36 36
12 3865 20 36 36
12 3866 20 36 36
12 3867 20 36 36
12 3868 20 36 36
12 3869 20 36 36
12 3870 20 36 36
12 3871 20 36 36
12 3872 20 36 36
12 3873 20 36 36
12 3874 20 36 36
12 3875 20 36 36
12 3876 20 36 36
12 3877 20 36 36
12 3878 20 36 36
12 3879 20 36 36
12 3880 20 36 36
12 3881 20 36 36
12 3882 20 36 36
12 3883 20 36 36
12 3884 20 144 144
12 3885 20 36 36
12 3886 20 36 36
12 3887 20 36 36
12 3888 20 36 36
12 3889 20 36 36
12 3890 20 36 36
12 3891 20 36 36
12 3892 20 36 36
12 3893 20 36 36
12 3894 20 36 36
12 3895 20 36 36
12 3896 20 36 36
12 3897 20 36 36
12 3898 20 36 36
12 3899 20 198 198
12 3900 20 36 36
12 3901 20 36 36
12 3902 20 36 36
12 3903 20 36 36
12 3904 20 36 36
12 3905 20 36 36
12 3906 20 36 36
12 3907 20 36 36
12 3908 20 36 36
12 3909 20 36 36
12 3910 20 36 36
12 3911 20 36 36
12 3912 20 36 36
12 3913 20 36 36
12 3914 20 36 36
12 3915 20 36 36
12 3916 20 36 36
12 3917 20 36 36
12 3918 20 36 36
12 3919 20 36 36
12 3920 20 36 36
12 3921 20 36 36
12 3922 20 36 36
12 3923 20 36 36
12 3924 20 36 36
12 3925 20 36 36
12 3926 20 36 36
12 3927 20 36 36
12 3928 20 36 36
12 3929 20 36 36
12 3930 20 36 36
12 3931 20 36 36
12 3932 20 36 36
12 3933 20 36 36
12 3934 20 36 36
12 3935 20 36 36
12 3936 20 36 36
12 3937 20 36 36
12 3938 20 36 36
12 3939 20 36 36
12 3940 20 36 36
12 3941 20 36 36
12 3942 20 36 36
12 3943 20 36 36
12 3944 20 36 36
12 3945 20 36 36
12 3946 20 36 36
12 3947 20 36 36
12 3948 20 36 36
12 3949 20 36 36
12 3950 20 36 36
12 3951 20 36 36
12 3952 20 36 36
12 3953 20 36 36
12 3954 20 36 36
12 3955 20 36 36
12 3956 20 36 36
12 3957 20 36 36
12 3958 20 36 36
12 3959 20 36 36
12 3960 20 36 36
12 3961 20 36 36
12 3962 20 36 36
12 3963 20 36 36
12 3964 20 36 36
12 3965 20 36 36
12 3966 20 36 36
12 3967 20 36 36
12 3968 20 36 36
12 3969 20 36 36
12 3970 20 36 36
12 3971 20 36 36
12 3972 20 36 36
12 3973 20 36 36
12 3974 20 36 36
12 3975 20 36 36
12 3976 20 36 36
12 3977 20 144 144
12 3978 20 126 126
12 3979 20 36 36
12 3980 20 36 36
12 3981 20 36 36
12 3982 20 36 36
12 3983 20 36 36
12 3984 20 36 36
12 3985 20 36 36
12 3986 20 36 36
12 3987 20 36 36
12 3988 20 36 36
12 3989 20 36 36
12 3990 20 36 36
12 3991 20 36 36
12 3992 20 36 36
12 3993 20 36 36
12 3994 20 36 36
12 3995 20 36 36
12 3996 20 36 36
12 3997 20 36 36
12 3998 20 36 36
12 3999 20 36 36
12 4000 20 36 36
12 4001 20 36 36
12 4002 20 36 36
12 4003 20 36 36
12 4004 20 36 36
12 4005 20 36 36
12 4006 20 36 36
12 4007 20 36 36
12 4008 20 36 36
12 4009 20 36 36
12 4010 20 36 36
12 4011 20 36 36
12 4012 20 36 36
12 4013 20 36 36
12 4014 20 36 36
12 4015 20 36 36
12 4016 20 36 36
12 4017 20 36 36
12 4018 20 36 36
12 4019 20 36 36
12 4020 20 36 36
12 4021 20 36 36
12 4022 20 36 36
12 4023 20 36 36
12 4024 20 36 36
12 4025 20 36 36
12 4026 20 36 36
12 4027 20 78 78
12 4028 20 78 78
12 4029 20 78 78
12 4030 20 78 78
12 4031 20 78 78
12 4032 20 78 78
12 4033 20 78 78
12 4034 20 78 78
12 4035 20 78 78
12 4036 20 36 36
12 4037 20 36 36
12 4038 20 36 36
12 4039 20 36 36
12 4040 20 36 36
12 4041 20 36 36
12 4042 20 36 36
12 4043 20 36 36
12 4044 20 36 36
12 4045 20 36 36
12 4046 20 36 36
12 4047 20 36 36
12 4048 20 36 36
12 4049 20 36 36
12 4050 20 36 36
12 4051 20 36 36
12 4052 20 36 36
12 4053 20 36 36
12 4054 20 60 60
12 4055 20 36 36
12 4056 20 36 36
12 4057 20 36 36
12 4058 20 36 36
12 4059 20 36 36
12 4060 20 36 36
12 4061 20 36 36
12 4062 20 36 36
12 4063 20 36 36
12 4064 20 36 36
12 4065 20 36 36
12 4066 20 36 36
12 4067 20 144 144
12 4068 20 36 36
12 4069 20 36 36
12 4070 20 36 36
12 4071 20 36 36
12 4072 20 36 36
12 4073 20 36 36
12 4074 20 36 36
12 4075 20 36 36
12 4076 20 36 36
12 4077 20 36 36
12 4078 20 36 36
12 4079 20 36 36
12 4080 20 36 36
12 4081 20 36 36
12 4082 20 36 36
12 4083 20 36 36
12 4084 20 36 36
12 4085 20 36 36
12 4086 20 36 36
12 4087 20 36 36
12 4088 20 36 36
12 4089 20 36 36
12 4090 20 36 36
12 4091 20 78 78
12 4092 20 78 78
12 4093 20 78 78
12 4094 20 78 78
12 4095 20 78 78
12 4096 20 78 78
12 4097 20 78 78
12 4098 20 78 78
12 4099 20 78 78
12 4100 20 78 78
12 4101 20 24 24
12 4102 20 24 24
12 4103 20 24 24
12 4104 20 24 24
12 4105 20 24 24
12 4106 20 24 24
12 4107 20 24 24
12 4108 20 24 24
12 4109 20 24 24
12 4110 20 24 24
12 4111 20 24 24
12 4112 20 60 60
12 4113 20 42 42
12 4114 20 36 36
12 4115 20 36 36
12 4116 20 36 36
12 4117 20 36 36
12 4118 20 36 36
12 4119 20 36 36
12 4120 20 144 144
12 4121 20 36 36
12 4122 20 36 36
12 4123 20 36 36
12 4124 20 36 36
12 4125 20 36 36
12 4126 20 36 36
12 4127 20 36 36
12 4128 20 36 36
12 4129 20 36 36
12 4130 20 36 36
12 4131 20 36 36
12 4132 20 36 36
12 4133 20 36 36
12 4134 20 36 36
12 4135 20 36 36
12 4136 20 36 36
12 4137 20 36 36
12 4138 20 36 36
12 4139 20 36 36
12 4140 20 102 102
12 4141 20 102 102
12 4142 20 102 102
12 4143 20 102 102
12 4144 20 102 102
12 4145 20 102 102
12 4146 20 102 102
12 4147 20 102 102
12 4148 20 102 102
12 4149 20 108 108
12 4150 20 240 240
12 4151 20 240 240
12 4152 20 36 36
12 4153 20 36 36
12 4154 20 36 36
12 4155 20 36 36
12 4156 20 36 36
12 4157 20 36 36
12 4158 20 36 36
12 4159 20 84 84
12 4160 20 108 108
12 4161 20 36 36
12 4162 20 36 36
12 4163 20 36 36
12 4164 20 36 36
12 4165 20 36 36
12 4166 20 36 36
12 4167 20 36 36
12 4168 20 36 36
12 4169 20 36 36
12 4170 20 36 36
12 4171 20 36 36
12 4172 20 36 36
12 4173 20 36 36
12 4174 20 36 36
12 4175 20 36 36
12 4176 20 36 36
12 4177 20 36 36
12 4178 20 84 84
12 4179 20 36 36
12 4180 20 36 36
12 4181 20 36 36
12 4182 20 36 36
12 4183 20 36 36
12 4184 20 36 36
12 4185 20 36 36
12 4186 20 66 66
12 4187 20 36 36
12 4188 20 36 36
12 4189 20 192 192
12 4190 20 48 48
12 4191 20 48 48
12 4192 20 48 48
12 4193 20 48 48
12 4194 20 48 48
12 4195 20 48 48
12 4196 20 72 72
12 4197 20 60 60
12 4198 20 24 24
12 4199 20 24 24
12 4200 20 24 24
12 4201 20 24 24
12 4202 20 24 24
12 4203 20 24 24
12 4204 20 24 24
12 4205 20 24 24
12 4206 20 24 24
12 4207 20 24 24
12 4208 20 24 24
12 4209 20 24 24
12 4210 20 24 24
12 4211 20 24 24
12 4212 20 24 24
12 4213 20 24 24
12 4214 20 24 24
12 4215 20 24 24
12 4216 20 24 24
12 4217 20 24 24
12 4218 20 24 24
12 4219 20 24 24
12 4220 20 24 24
12 4221 20 24 24
12 4222 20 24 24
12 4223 20 24 24
12 4224 20 24 24
12 4225 20 24 24
12 4226 20 24 24
12 4227 20 24 24
12 4228 20 24 24
12 4229 20 24 24
12 4230 20 24 24
12 4231 20 24 24
12 4232 20 24 24
12 4233 20 24 24
12 4234 20 24 24
12 4235 20 24 24
12 4236 20 24 24
12 4237 20 24 24
12 4238 20 24 24
12 4239 20 24 24
12 4240 20 24 24
12 4241 20 24 24
12 4242 20 24 24
12 4243 20 24 24
12 4244 20 24 24
12 4245 20 24 24
12 4246 20 24 24
12 4247 20 24 24
12 4248 20 24 24
12 4249 20 24 24
12 4250 20 24 24
12 4251 20 24 24
12 4252 20 24 24
12 4253 20 24 24
12 4254 20 24 24
12 4255 20 24 24
12 4256 20 24 24
12 4257 20 24 24
12 4258 20 24 24
12 4259 20 24 24
12 4260 20 24 24
12 4261 20 24 24
12 4262 20 24 24
12 4263 20 24 24
12 4264 20 24 24
12 4265 20 24 24
12 4266 20 24 24
12 4267 20 24 24
12 4268 20 24 24
12 4269 20 24 24
12 4270 20 24 24
12 4271 20 24 24
12 4272 20 24 24
12 4273 20 24 24
12 4274 20 24 24
12 4275 20 24 24
12 4276 20 24 24
12 4277 20 24 24
12 4278 20 24 24
12 4279 20 24 24
12 4280 20 24 24
12 4281 20 24 24
12 4282 20 24 24
12 4283 20 24 24
12 4284 20 24 24
12 4285 20 24 24
12 4286 20 24 24
12 4287 20 24 24
12 4288 20 24 24
12 4289 20 24 24
12 4290 20 24 24
12 4291 20 24 24
12 4292 20 24 24
12 4293 20 24 24
12 4294 20 24 24
12 4295 20 24 24
12 4296 20 24 24
12 4297 20 24 24
12 4298 20 24 24
12 4299 20 24 24
12 4300 20 24 24
12 4301 20 24 24
12 4302 20 24 24
12 4303 20 24 24
12 4304 20 24 24
12 4305 20 24 24
12 4306 20 24 24
12 4307 20 24 24
12 4308 20 24 24
12 4309 20 24 24
12 4310 20 24 24
12 4311 20 24 24
12 4312 20 24 24
12 4313 20 24 24
12 4314 20 24 24
12 4315 20 24 24
12 4316 20 24 24
12 4317 20 24 24
12 4318 20 24 24
12 4319 20 24 24
12 4320 20 24 24
12 4321 20 24 24
12 4322 20 24 24
12 4323 20 24 24
12 4324 20 24 24
12 4325 20 24 24
12 4326 20 24 24
12 4327 20 24 24
12 4328 20 24 24
12 4329 20 24 24
12 4330 20 24 24
12 4331 20 24 24
12 4332 20 24 24
12 4333 20 24 24
12 4334 20 24 24
12 4335 20 24 24
12 4336 20 24 24
12 4337 20 24 24
12 4338 20 24 24
12 4339 20 24 24
12 4340 20 24 24
12 4341 20 24 24
12 4342 20 24 24
12 4343 20 24 24
12 4344 20 24 24
12 4345 20 24 24
12 4346 20 24 24
12 4347 20 24 24
12 4348 20 24 24
12 4349 20 24 24
12 4350 20 24 24
12 4351 20 24 24
12 4352 20 24 24
12 4353 20 24 24
12 4354 20 24 24
12 4355 20 24 24
12 4356 20 24 24
12 4357 20 24 24
12 4358 20 24 24
12 4359 20 24 24
12 4360 20 24 24
12 4361 20 24 24
12 4362 20 24 24
12 4363 20 24 24
12 4364 20 24 24
12 4365 20 24 24
12 4366 20 24 24
12 4367 20 24 24
12 4368 20 24 24
12 4369 20 24 24
12 4370 20 24 24
12 4371 20 24 24
12 4372 20 24 24
12 4373 20 24 24
12 4374 20 24 24
12 4375 20 24 24
12 4376 20 24 24
12 4377 20 24 24
12 4378 20 24 24
12 4379 20 24 24
12 4380 20 24 24
12 4381 20 24 24
12 4382 20 24 24
12 4383 20 24 24
12 4384 20 24 24
12 4385 20 24 24
12 4386 20 24 24
12 4387 20 24 24
12 4388 20 24 24
12 4389 20 24 24
12 4390 20 24 24
12 4391 20 24 24
12 4392 20 24 24
12 4393 20 24 24
12 4394 20 24 24
12 4395 20 24 24
12 4396 20 24 24
12 4397 20 24 24
12 4398 20 24 24
12 4399 20 24 24
12 4400 20 24 24
12 4401 20 24 24
12 4402 20 24 24
12 4403 20 24 24
12 4404 20 24 24
12 4405 20 24 24
12 4406 20 24 24
12 4407 20 24 24
12 4408 20 24 24
12 4409 20 24 24
12 4410 20 24 24
12 4411 20 24 24
12 4412 20 24 24
12 4413 20 24 24
12 4414 20 24 24
12 4415 20 24 24
12 4416 20 24 24
12 4417 20 24 24
12 4418 20 24 24
12 4419 20 24 24
12 4420 20 24 24
12 4421 20 24 24
12 4422 20 24 24
12 4423 20 24 24
12 4424 20 24 24
12 4425 20 24 24
12 4426 20 24 24
12 4427 20 24 24
12 4428 20 24 24
12 4429 20 24 24
12 4430 20 24 24
12 4431 20 24 24
12 4432 20 24 24
12 4433 20 24 24
12 4434 20 24 24
12 4435 20 24 24
12 4436 20 24 24
12 4437 20 24 24
12 4438 20 24 24
12 4439 20 24 24
12 4440 20 24 24
12 4441 20 24 24
12 4442 20 24 24
12 4443 20 24 24
12 4444 20 24 24
12 4445 20 24 24
12 4446 20 24 24
12 4447 20 24 24
12 4448 20 24 24
12 4449 20 24 24
12 4450 20 24 24
12 4451 20 24 24
12 4452 20 24 24
12 4453 20 24 24
12 4454 20 24 24
12 4455 20 24 24
12 4456 20 24 24
12 4457 20 24 24
12 4458 20 24 24
12 4459 20 24 24
12 4460 20 24 24
12 4461 20 24 24
12 4462 20 24 24
12 4463 20 24 24
12 4464 20 24 24
12 4465 20 24 24
12 4466 20 24 24
12 4467 20 24 24
12 4468 20 24 24
12 4469 20 24 24
12 4470 20 24 24
12 4471 20 24 24
12 4472 20 24 24
12 4473 20 24 24
12 4474 20 24 24
12 4475 20 96 96
12 4476 20 24 24
12 4477 20 24 24
12 4478 20 24 24
12 4479 20 24 24
12 4480 20 24 24
12 4481 20 24 24
12 4482 20 24 24
12 4483 20 24 24
12 4484 20 24 24
12 4485 20 24 24
12 4486 20 24 24
12 4487 20 24 24
12 4488 20 24 24
12 4489 20 24 24
12 4490 20 24 24
12 4491 20 24 24
12 4492 20 24 24
12 4493 20 24 24
12 4494 20 24 24
12 4495 20 24 24
12 4496 20 24 24
12 4497 20 24 24
12 4498 20 24 24
12 4499 20 24 24
12 4500 20 24 24
12 4501 20 24 24
12 4502 20 24 24
12 4503 20 24 24
12 4504 20 24 24
12 4505 20 24 24
12 4506 20 24 24
12 4507 20 24 24
12 4508 20 24 24
12 4509 20 24 24
12 4510 20 24 24
12 4511 20 24 24
12 4512 20 24 24
12 4513 20 24 24
12 4514 20 24 24
12 4515 20 24 24
12 4516 20 24 24
12 4517 20 24 24
12 4518 20 24 24
12 4519 20 24 24
12 4520 20 24 24
12 4521 20 24 24
12 4522 20 24 24
12 4523 20 24 24
12 4524 20 24 24
12 4525 20 24 24
12 4526 20 24 24
12 4527 20 24 24
12 4528 20 24 24
12 4529 20 24 24
12 4530 20 24 24
12 4531 20 24 24
12 4532 20 24 24
12 4533 20 24 24
12 4534 20 24 24
12 4535 20 24 24
12 4536 20 24 24
12 4537 20 24 24
12 4538 20 24 24
12 4539 20 24 24
12 4540 20 24 24
12 4541 20 96 96
12 4542 20 96 96
12 4543 20 96 96
12 4544 20 96 96
12 4545 20 96 96
12 4546 20 96 96
12 4547 20 96 96
12 4548 20 96 96
12 4549 20 96 96
12 4550 20 24 24
12 4551 20 24 24
12 4552 20 24 24
12 4553 20 24 24
12 4554 20 24 24
12 4555 20 24 24
12 4556 20 24 24
12 4557 20 24 24
12 4558 20 24 24
12 4559 20 24 24
12 4560 20 24 24
12 4561 20 24 24
12 4562 20 24 24
12 4563 20 24 24
12 4564 20 24 24
12 4565 20 24 24
12 4566 20 24 24
12 4567 20 24 24
12 4568 20 24 24
12 4569 20 24 24
12 4570 20 24 24
12 4571 20 24 24
12 4572 20 24 24
12 4573 20 24 24
12 4574 20 24 24
12 4575 20 24 24
12 4576 20 24 24
12 4577 20 24 24
12 4578 20 24 24
12 4579 20 24 24
12 4580 20 24 24
12 4581 20 24 24
12 4582 20 24 24
12 4583 20 24 24
12 4584 20 24 24
12 4585 20 24 24
12 4586 20 24 24
12 4587 20 24 24
12 4588 20 24 24
12 4589 20 24 24
12 4590 20 24 24
12 4591 20 24 24
12 4592 20 24 24
12 4593 20 24 24
12 4594 20 24 24
12 4595 20 24 24
12 4596 20 24 24
12 4597 20 24 24
12 4598 20 24 24
12 4599 20 24 24
12 4600 20 24 24
12 4601 20 24 24
12 4602 20 24 24
12 4603 20 24 24
12 4604 20 24 24
12 4605 20 24 24
12 4606 20 24 24
12 4607 20 24 24
12 4608 20 24 24
12 4609 20 24 24
12 4610 20 24 24
12 4611 20 24 24
12 4612 20 24 24
12 4613 20 24 24
12 4614 20 24 24
12 4615 20 24 24
12 4616 20 24 24
12 4617 20 24 24
12 4618 20 24 24
12 4619 20 24 24
12 4620 20 24 24
12 4621 20 24 24
12 4622 20 24 24
12 4623 20 24 24
12 4624 20 24 24
12 4625 20 24 24
12 4626 20 24 24
12 4627 20 24 24
12 4628 20 24 24
12 4629 20 24 24
12 4630 20 24 24
12 4631 20 24 24
12 4632 20 24 24
12 4633 20 24 24
12 4634 20 24 24
12 4635 20 24 24
12 4636 20 24 24
12 4637 20 24 24
12 4638 20 24 24
12 4639 20 24 24
12 4640 20 24 24
12 4641 20 24 24
12 4642 20 24 24
12 4643 20 24 24
12 4644 20 24 24
12 4645 20 24 24
12 4646 20 24 24
12 4647 20 24 24
12 4648 20 24 24
12 4649 20 24 24
12 4650 20 24 24
12 4651 20 24 24
12 4652 20 24 24
12 4653 20 24 24
12 4654 20 24 24
12 4655 20 24 24
12 4656 20 24 24
12 4657 20 24 24
12 4658 20 24 24
12 4659 20 24 24
12 4660 20 24 24
12 4661 20 24 24
12 4662 20 24 24
12 4663 20 24 24
12 4664 20 24 24
12 4665 20 24 24
12 4666 20 24 24
12 4667 20 24 24
12 4668 20 24 24
12 4669 20 24 24
12 4670 20 24 24
12 4671 20 24 24
12 4672 20 24 24
12 4673 20 24 24
12 4674 20 24 24
12 4675 20 24 24
12 4676 20 24 24
12 4677 20 96 96
12 4678 20 24 24
12 4679 20 24 24
12 4680 20 24 24
12 4681 20 24 24
12 4682 20 24 24
12 4683 20 24 24
12 4684 20 24 24
12 4685 20 24 24
12 4686 20 24 24
12 4687 20 24 24
12 4688 20 24 24
12 4689 20 24 24
12 4690 20 24 24
12 4691 20 24 24
12 4692 20 24 24
12 4693 20 24 24
12 4694 20 24 24
12 4695 20 24 24
12 4696 20 24 24
12 4697 20 24 24
12 4698 20 24 24
12 4699 20 24 24
12 4700 20 24 24
12 4701 20 24 24
12 4702 20 24 24
12 4703 20 24 24
12 4704 20 24 24
12 4705 20 24 24
12 4706 20 24 24
12 4707 20 24 24
12 4708 20 24 24
12 4709 20 24 24
12 4710 20 24 24
12 4711 20 24 24
12 4712 20 24 24
12 4713 20 24 24
12 4714 20 24 24
12 4715 20 24 24
12 4716 20 24 24
12 4717 20 24 24
12 4718 20 24 24
12 4719 20 24 24
12 4720 20 24 24
12 4721 20 24 24
12 4722 20 24 24
12 4723 20 24 24
12 4724 20 24 24
12 4725 20 24 24
12 4726 20 24 24
12 4727 20 24 24
12 4728 20 24 24
12 4729 20 24 24
12 4730 20 24 24
12 4731 20 24 24
12 4732 20 24 24
12 4733 20 24 24
12 4734 20 24 24
12 4735 20 24 24
12 4736 20 24 24
12 4737 20 24 24
12 4738 20 24 24
12 4739 20 24 24
12 4740 20 24 24
12 4741 20 24 24
12 4742 20 24 24
12 4743 20 24 24
12 4744 20 24 24
12 4745 20 24 24
12 4746 20 24 24
12 4747 20 24 24
12 4748 20 24 24
12 4749 20 24 24
12 4750 20 24 24
12 4751 20 24 24
12 4752 20 24 24
12 4753 20 24 24
12 4754 20 24 24
12 4755 20 24 24
12 4756 20 24 24
12 4757 20 24 24
12 4758 20 24 24
12 4759 20 24 24
12 4760 20 24 24
12 4761 20 24 24
12 4762 20 24 24
12 4763 20 24 24
12 4764 20 24 24
12 4765 20 24 24
12 4766 20 24 24
12 4767 20 24 24
12 4768 20 24 24
12 4769 20 24 24
12 4770 20 24 24
12 4771 20 24 24
12 4772 20 24 24
12 4773 20 24 24
12 4774 20 24 24
12 4775 20 24 24
12 4776 20 24 24
12 4777 20 24 24
12 4778 20 24 24
12 4779 20 24 24
12 4780 20 24 24
12 4781 20 24 24
12 4782 20 24 24
12 4783 20 24 24
12 4784 20 24 24
12 4785 20 24 24
12 4786 20 24 24
12 4787 20 24 24
12 4788 20 24 24
12 4789 20 24 24
12 4790 20 24 24
12 4791 20 24 24
12 4792 20 24 24
12 4793 20 24 24
12 4794 20 24 24
12 4795 20 24 24
12 4796 20 24 24
12 4797 20 24 24
12 4798 20 24 24
12 4799 20 24 24
12 4800 20 24 24
12 4801 20 24 24
12 4802 20 24 24
12 4803 20 24 24
12 4804 20 24 24
12 4805 20 24 24
12 4806 20 24 24
12 4807 20 24 24
12 4808 20 24 24
12 4809 20 24 24
12 4810 20 24 24
12 4811 20 24 24
12 4812 20 24 24
12 4813 20 24 24
12 4814 20 24 24
12 4815 20 24 24
12 4816 20 24 24
12 4817 20 24 24
12 4818 20 24 24
12 4819 20 24 24
12 4820 20 24 24
12 4821 20 24 24
12 4822 20 24 24
12 4823 20 24 24
12 4824 20 24 24
12 4825 20 24 24
12 4826 20 24 24
12 4827 20 24 24
12 4828 20 24 24
12 4829 20 24 24
12 4830 20 24 24
12 4831 20 24 24
12 4832 20 24 24
12 4833 20 24 24
12 4834 20 24 24
12 4835 20 24 24
12 4836 20 24 24
12 4837 20 24 24
12 4838 20 24 24
12 4839 20 24 24
12 4840 20 24 24
12 4841 20 24 24
12 4842 20 24 24
12 4843 20 24 24
12 4844 20 24 24
12 4845 20 24 24
12 4846 20 24 24
12 4847 20 24 24
12 4848 20 24 24
12 4849 20 24 24
12 4850 20 24 24
12 4851 20 24 24
12 4852 20 96 96
12 4853 20 24 24
12 4854 20 24 24
12 4855 20 24 24
12 4856 20 24 24
12 4857 20 24 24
12 4858 20 24 24
12 4859 20 24 24
12 4860 20 24 24
12 4861 20 24 24
12 4862 20 24 24
12 4863 20 24 24
12 4864 20 24 24
12 4865 20 24 24
12 4866 20 24 24
12 4867 20 24 24
12 4868 20 24 24
12 4869 20 24 24
12 4870 20 24 24
12 4871 20 24 24
12 4872 20 24 24
12 4873 20 24 24
12 4874 20 24 24
12 4875 20 24 24
12 4876 20 24 24
12 4877 20 24 24
12 4878 20 24 24
12 4879 20 24 24
12 4880 20 24 24
12 4881 20 24 24
12 4882 20 24 24
12 4883 20 24 24
12 4884 20 24 24
12 4885 20 24 24
12 4886 20 24 24
12 4887 20 24 24
12 4888 20 24 24
12 4889 20 24 24
12 4890 20 24 24
12 4891 20 24 24
12 4892 20 24 24
12 4893 20 24 24
12 4894 20 24 24
12 4895 20 24 24
12 4896 20 24 24
12 4897 20 24 24
12 4898 20 24 24
12 4899 20 24 24
12 4900 20 24 24
12 4901 20 24 24
12 4902 20 24 24
12 4903 20 24 24
12 4904 20 24 24
12 4905 20 24 24
12 4906 20 24 24
12 4907 20 24 24
12 4908 20 24 24
12 4909 20 24 24
12 4910 20 24 24
12 4911 20 24 24
12 4912 20 24 24
12 4913 20 24 24
12 4914 20 24 24
12 4915 20 24 24
12 4916 20 24 24
12 4917 20 24 24
12 4918 20 24 24
12 4919 20 24 24
12 4920 20 24 24
12 4921 20 24 24
12 4922 20 24 24
12 4923 20 24 24
12 4924 20 24 24
12 4925 20 24 24
12 4926 20 24 24
12 4927 20 24 24
12 4928 20 24 24
12 4929 20 24 24
12 4930 20 24 24
12 4931 20 24 24
12 4932 20 24 24
12 4933 20 24 24
12 4934 20 24 24
12 4935 20 24 24
12 4936 20 24 24
12 4937 20 24 24
12 4938 20 24 24
12 4939 20 24 24
12 4940 20 24 24
12 4941 20 24 24
12 4942 20 24 24
12 4943 20 24 24
12 4944 20 24 24
12 4945 20 24 24
12 4946 20 24 24
12 4947 20 24 24
12 4948 20 24 24
12 4949 20 24 24
12 4950 20 24 24
12 4951 20 24 24
12 4952 20 24 24
12 4953 20 24 24
12 4954 20 24 24
12 4955 20 24 24
12 4956 20 24 24
12 4957 20 24 24
12 4958 20 24 24
12 4959 20 24 24
12 4960 20 24 24
12 4961 20 24 24
12 4962 20 24 24
12 4963 20 24 24
12 4964 20 24 24
12 4965 20 24 24
12 4966 20 24 24
12 4967 20 24 24
12 4968 20 24 24
12 4969 20 24 24
12 4970 20 24 24
12 4971 20 24 24
12 4972 20 24 24
12 4973 20 24 24
12 4974 20 24 24
12 4975 20 24 24
12 4976 20 24 24
12 4977 20 24 24
12 4978 20 24 24
12 4979 20 24 24
12 4980 20 24 24
12 4981 20 24 24
12 4982 20 24 24
12 4983 20 24 24
12 4984 20 24 24
12 4985 20 24 24
12 4986 20 24 24
12 4987 20 24 24
12 4988 20 24 24
12 4989 20 24 24
12 4990 20 24 24
12 4991 20 24 24
12 4992 20 24 24
12 4993 20 24 24
12 4994 20 24 24
12 4995 20 24 24
12 4996 20 24 24
12 4997 20 24 24
12 4998 20 24 24
12 4999 20 24 24
12 5000 20 24 24
12 5001 20 24 24
12 5002 20 24 24
12 5003 20 24 24
12 5004 20 24 24
12 5005 20 24 24
12 5006 20 24 24
12 5007 20 24 24
12 5008 20 24 24
12 5009 20 24 24
12 5010 20 24 24
12 5011 20 24 24
12 5012 20 24 24
12 5013 20 24 24
12 5014 20 24 24
12 5015 20 24 24
12 5016 20 96 96
12 5017 20 24 24
12 5018 20 24 24
12 5019 20 24 24
12 5020 20 24 24
12 5021 20 24 24
12 5022 20 24 24
12 5023 20 24 24
12 5024 20 24 24
12 5025 20 24 24
12 5026 20 24 24
12 5027 20 258 258
12 5028 20 24 24
12 5029 20 24 24
12 5030 20 24 24
12 5031 20 24 24
12 5032 20 24 24
12 5033 20 24 24
12 5034 20 24 24
12 5035 20 24 24
12 5036 20 24 24
12 5037 20 24 24
12 5038 20 24 24
12 5039 20 24 24
12 5040 20 24 24
12 5041 20 24 24
12 5042 20 24 24
12 5043 20 24 24
12 5044 20 24 24
12 5045 20 24 24
12 5046 20 24 24
12 5047 20 24 24
12 5048 20 24 24
12 5049 20 24 24
12 5050 20 24 24
12 5051 20 24 24
12 5052 20 24 24
12 5053 20 24 24
12 5054 20 24 24
12 5055 20 24 24
12 5056 20 24 24
12 5057 20 24 24
12 5058 20 24 24
12 5059 20 24 24
12 5060 20 24 24
12 5061 20 24 24
12 5062 20 24 24
12 5063 20 24 24
12 5064 20 24 24
12 5065 20 24 24
12 5066 20 24 24
12 5067 20 24 24
12 5068 20 24 24
12 5069 20 24 24
12 5070 20 24 24
12 5071 20 24 24
12 5072 20 24 24
12 5073 20 24 24
12 5074 20 24 24
12 5075 20 24 24
12 5076 20 24 24
12 5077 20 24 24
12 5078 20 24 24
12 5079 20 24 24
12 5080 20 24 24
12 5081 20 24 24
12 5082 20 24 24
12 5083 20 96 96
12 5084 20 96 96
12 5085 20 96 96
12 5086 20 96 96
12 5087 20 96 96
12 5088 20 96 96
12 5089 20 24 24
12 5090 20 24 24
12 5091 20 24 24
12 5092 20 24 24
12 5093 20 24 24
12 5094 20 24 24
12 5095 20 24 24
12 5096 20 24 24
12 5097 20 24 24
12 5098 20 24 24
12 5099 20 24 24
12 5100 20 24 24
12 5101 20 24 24
12 5102 20 24 24
12 5103 20 24 24
12 5104 20 24 24
12 5105 20 24 24
12 5106 20 24 24
12 5107 20 24 24
12 5108 20 24 24
12 5109 20 24 24
12 5110 20 24 24
12 5111 20 24 24
12 5112 20 24 24
12 5113 20 24 24
12 5114 20 24 24
12 5115 20 24 24
12 5116 20 24 24
12 5117 20 24 24
12 5118 20 24 24
12 5119 20 24 24
12 5120 20 24 24
12 5121 20 24 24
12 5122 20 24 24
12 5123 20 24 24
12 5124 20 24 24
12 5125 20 24 24
12 5126 20 24 24
12 5127 20 24 24
12 5128 20 24 24
12 5129 20 24 24
12 5130 20 24 24
12 5131 20 24 24
12 5132 20 24 24
12 5133 20 24 24
12 5134 20 24 24
12 5135 20 24 24
12 5136 20 24 24
12 5137 20 24 24
12 5138 20 24 24
12 5139 20 24 24
12 5140 20 24 24
12 5141 20 24 24
12 5142 20 24 24
12 5143 20 24 24
12 5144 20 24 24
12 5145 20 24 24
12 5146 20 24 24
12 5147 20 24 24
12 5148 20 24 24
12 5149 20 24 24
12 5150 20 24 24
12 5151 20 24 24
12 5152 20 24 24
12 5153 20 24 24
12 5154 20 24 24
12 5155 20 24 24
12 5156 20 24 24
12 5157 20 24 24
12 5158 20 24 24
12 5159 20 24 24
12 5160 20 24 24
12 5161 20 24 24
12 5162 20 24 24
12 5163 20 24 24
12 5164 20 24 24
12 5165 20 24 24
12 5166 20 24 24
12 5167 20 24 24
12 5168 20 24 24
12 5169 20 24 24
12 5170 20 150 150
12 5171 20 150 150
12 5172 20 150 150
12 5173 20 150 150
12 5174 20 150 150
12 5175 20 132 132
12 5176 20 96 96
12 5177 20 96 96
12 5178 20 96 96
12 5179 20 96 96
12 5180 20 96 96
12 5181 20 96 96
12 5182 20 96 96
12 5183 20 96 96
12 5184 20 96 96
12 5185 20 96 96
12 5186 20 96 96
12 5187 20 96 96
12 5188 20 96 96
12 5189 20 96 96
12 5190 20 96 96
12 5191 20 96 96
12 5192 20 96 96
12 5193 20 96 96
12 5194 20 96 96
12 5195 20 96 96
12 5196 20 96 96
12 5197 20 96 96
12 5198 20 96 96
12 5199 20 96 96
12 5200 20 96 96
12 5201 20 96 96
12 5202 20 96 96
12 5203 20 96 96
12 5204 20 96 96
12 5205 20 96 96
12 5206 20 96 96
12 5207 20 96 96
12 5208 20 96 96
12 5209 20 96 96
12 5210 20 96 96
12 5211 20 96 96
12 5212 20 96 96
12 5213 20 96 96
12 5214 20 96 96
12 5215 20 96 96
12 5216 20 96 96
12 5217 20 96 96
12 5218 20 96 96
12 5219 20 96 96
12 5220 20 96 96
12 5221 20 96 96
12 5222 20 96 96
12 5223 20 96 96
12 5224 20 96 96
12 5225 20 96 96
12 5226 20 96 96
12 5227 20 96 96
12 5228 20 96 96
12 5229 20 132 132
12 5230 20 24 24
12 5231 20 24 24
12 5232 20 24 24
12 5233 20 24 24
12 5234 20 24 24
12 5235 20 24 24
12 5236 20 24 24
12 5237 20 24 24
12 5238 20 24 24
12 5239 20 24 24
12 5240 20 24 24
12 5241 20 24 24
12 5242 20 24 24
12 5243 20 24 24
12 5244 20 24 24
12 5245 20 24 24
12 5246 20 24 24
12 5247 20 24 24
12 5248 20 24 24
12 5249 20 24 24
12 5250 20 24 24
12 5251 20 24 24
12 5252 20 24 24
12 5253 20 24 24
12 5254 20 24 24
12 5255 20 24 24
12 5256 20 24 24
12 5257 20 24 24
12 5258 20 24 24
12 5259 20 24 24
12 5260 20 24 24
12 5261 20 24 24
12 5262 20 24 24
12 5263 20 24 24
12 5264 20 24 24
12 5265 20 24 24
12 5266 20 24 24
12 5267 20 24 24
12 5268 20 24 24
12 5269 20 66 66
12 5270 20 66 66
12 5271 20 66 66
12 5272 20 66 66
12 5273 20 66 66
12 5274 20 66 66
12 5275 20 66 66
12 5276 20 66 66
12 5277 20 66 66
12 5278 20 66 66
12 5279 20 66 66
12 5280 20 66 66
12 5281 20 66 66
12 5282 20 66 66
12 5283 20 66 66
12 5284 20 66 66
12 5285 20 102 102
12 5286 20 66 66
12 5287 20 66 66
12 5288 20 66 66
12 5289 20 66 66
12 5290 20 66 66
12 5291 20 66 66
12 5292 20 66 66
12 5293 20 66 66
12 5294 20 66 66
12 5295 20 66 66
12 5296 20 66 66
12 5297 20 66 66
12 5298 20 66 66
12 5299 20 66 66
12 5300 20 66 66
12 5301 20 66 66
12 5302 20 66 66
12 5303 20 66 66
12 5304 20 66 66
12 5305 20 66 66
12 5306 20 66 66
12 5307 20 102 102
12 5308 20 66 66
12 5309 20 66 66
12 5310 20 66 66
12 5311 20 66 66
12 5312 20 66 66
12 5313 20 66 66
12 5314 20 66 66
12 5315 20 66 66
12 5316 20 66 66
12 5317 20 324 324
12 5318 20 54 54
12 5319 20 66 66
12 5320 20 66 66
12 5321 20 66 66
12 5322 20 60 60
12 5323 20 60 60
12 5324 20 60 60
12 5325 20 60 60
12 5326 20 60 60
12 5327 20 60 60
12 5328 20 24 24
12 5329 20 24 24
12 5330 20 24 24
12 5331 20 24 24
12 5332 20 24 24
12 5333 20 24 24
12 5334 20 24 24
12 5335 20 24 24
12 5336 20 24 24
12 5337 20 24 24
12 5338 20 24 24
12 5339 20 24 24
12 5340 20 24 24
12 5341 20 24 24
12 5342 20 24 24
12 5343 20 24 24
12 5344 20 24 24
12 5345 20 24 24
12 5346 20 24 24
12 5347 20 24 24
12 5348 20 24 24
12 5349 20 24 24
12 5350 20 24 24
12 5351 20 24 24
12 5352 20 24 24
12 5353 20 24 24
12 5354 20 24 24
12 5355 20 24 24
12 5356 20 24 24
12 5357 20 24 24
12 5358 20 24 24
12 5359 20 24 24
12 5360 20 24 24
12 5361 20 24 24
12 5362 20 24 24
12 5363 20 24 24
12 5364 20 24 24
12 5365 20 24 24
12 5366 20 24 24
12 5367 20 24 24
12 5368 20 24 24
12 5369 20 24 24
12 5370 20 24 24
12 5371 20 24 24
12 5372 20 24 24
12 5373 20 24 24
12 5374 20 24 24
12 5375 20 24 24
12 5376 20 24 24
12 5377 20 24 24
12 5378 20 24 24
12 5379 20 24 24
12 5380 20 24 24
12 5381 20 24 24
12 5382 20 24 24
12 5383 20 24 24
12 5384 20 24 24
12 5385 20 24 24
12 5386 20 24 24
12 5387 20 24 24
12 5388 20 24 24
12 5389 20 24 24
12 5390 20 24 24
12 5391 20 24 24
12 5392 20 24 24
12 5393 20 24 24
12 5394 20 24 24
12 5395 20 24 24
12 5396 20 24 24
12 5397 20 24 24
12 5398 20 24 24
12 5399 20 24 24
12 5400 20 24 24
12 5401 20 24 24
12 5402 20 24 24
12 5403 20 24 24
12 5404 20 24 24
12 5405 20 24 24
12 5406 20 24 24
12 5407 20 24 24
12 5408 20 24 24
12 5409 20 24 24
12 5410 20 24 24
12 5411 20 24 24
12 5412 20 24 24
12 5413 20 24 24
12 5414 20 24 24
12 5415 20 24 24
12 5416 20 24 24
12 5417 20 24 24
12 5418 20 24 24
12 5419 20 24 24
12 5420 20 24 24
12 5421 20 24 24
12 5422 20 24 24
12 5423 20 24 24
12 5424 20 24 24
12 5425 20 24 24
12 5426 20 24 24
12 5427 20 24 24
12 5428 20 24 24
12 5429 20 24 24
12 5430 20 24 24
12 5431 20 24 24
12 5432 20 24 24
12 5433 20 24 24
12 5434 20 24 24
12 5435 20 24 24
12 5436 20 24 24
12 5437 20 24 24
12 5438 20 24 24
12 5439 20 24 24
12 5440 20 24 24
12 5441 20 24 24
12 5442 20 24 24
12 5443 20 24 24
12 5444 20 24 24
12 5445 20 24 24
12 5446 20 24 24
12 5447 20 24 24
12 5448 20 24 24
12 5449 20 96 96
12 5450 20 96 96
12 5451 20 96 96
12 5452 20 96 96
12 5453 20 96 96
12 5454 20 96 96
12 5455 20 96 96
12 5456 20 96 96
12 5457 20 96 96
12 5458 20 96 96
12 5459 20 96 96
12 5460 20 96 96
12 5461 20 96 96
12 5462 20 96 96
12 5463 20 96 96
12 5464 20 96 96
12 5465 20 96 96
12 5466 20 384 384
12 5467 20 96 96
12 5468 20 96 96
12 5469 20 96 96
12 5470 20 96 96
12 5471 20 96 96
12 5472 20 96 96
12 5473 20 96 96
12 5474 20 96 96
12 5475 20 96 96
12 5476 20 96 96
12 5477 20 96 96
12 5478 20 96 96
12 5479 20 96 96
12 5480 20 96 96
12 5481 20 96 96
12 5482 20 96 96
12 5483 20 96 96
12 5484 20 96 96
12 5485 20 96 96
12 5486 20 96 96
12 5487 20 96 96
12 5488 20 96 96
12 5489 20 96 96
12 5490 20 96 96
12 5491 20 96 96
12 5492 20 96 96
12 5493 20 96 96
12 5494 20 96 96
12 5495 20 96 96
12 5496 20 96 96
12 5497 20 96 96
12 5498 20 96 96
12 5499 20 96 96
12 5500 20 96 96
12 5501 20 96 96
12 5502 20 96 96
12 5503 20 96 96
12 5504 20 96 96
12 5505 20 96 96
12 5506 20 96 96
12 5507 20 96 96
12 5508 20 96 96
12 5509 20 96 96
12 5510 20 96 96
12 5511 20 384 384
12 5512 20 96 96
12 5513 20 96 96
12 5514 20 96 96
12 5515 20 96 96
12 5516 20 96 96
12 5517 20 96 96
12 5518 20 96 96
12 5519 20 96 96
12 5520 20 96 96
12 5521 20 96 96
12 5522 20 96 96
12 5523 20 96 96
12 5524 20 96 96
12 5525 20 96 96
12 5526 20 96 96
12 5527 20 96 96
12 5528 20 96 96
12 5529 20 96 96
12 5530 20 96 96
12 5531 20 96 96
12 5532 20 96 96
12 5533 20 96 96
12 5534 20 96 96
12 5535 20 96 96
12 5536 20 96 96
12 5537 20 96 96
12 5538 20 96 96
12 5539 20 96 96
12 5540 20 96 96
12 5541 20 96 96
12 5542 20 96 96
12 5543 20 96 96
12 5544 20 96 96
12 5545 20 96 96
12 5546 20 96 96
12 5547 20 96 96
12 5548 20 96 96
12 5549 20 96 96
12 5550 20 96 96
12 5551 20 96 96
12 5552 20 96 96
12 5553 20 96 96
12 5554 20 96 96
12 5555 20 96 96
12 5556 20 384 384
12 5557 20 96 96
12 5558 20 96 96
12 5559 20 96 96
12 5560 20 96 96
12 5561 20 96 96
12 5562 20 132 132
12 5563 20 96 96
12 5564 20 96 96
12 5565 20 60 60
12 5566 20 60 60
12 5567 20 60 60
12 5568 20 60 60
12 5569 20 60 60
12 5570 20 60 60
12 5571 20 168 168
12 5572 20 54 54
12 5573 20 54 54
12 5574 20 54 54
12 5575 20 54 54
12 5576 20 54 54
12 5577 20 54 54
12 5578 20 54 54
12 5579 20 54 54
12 5580 20 54 54
12 5581 20 54 54
12 5582 20 54 54
12 5583 20 54 54
12 5584 20 54 54
12 5585 20 54 54
12 5586 20 54 54
12 5587 20 54 54
12 5588 20 54 54
12 5589 20 54 54
12 5590 20 54 54
12 5591 20 54 54
12 5592 20 54 54
12 5593 20 54 54
12 5594 20 54 54
12 5595 20 54 54
12 5596 20 54 54
12 5597 20 54 54
12 5598 20 54 54
12 5599 20 54 54
12 5600 20 54 54
12 5601 20 54 54
12 5602 20 54 54
12 5603 20 54 54
12 5604 20 54 54
12 5605 20 54 54
12 5606 20 54 54
12 5607 20 54 54
12 5608 20 54 54
12 5609 20 54 54
12 5610 20 54 54
12 5611 20 54 54
12 5612 20 54 54
12 5613 20 54 54
12 5614 20 54 54
12 5615 20 54 54
12 5616 20 54 54
12 5617 20 54 54
12 5618 20 54 54
12 5619 20 54 54
12 5620 20 54 54
12 5621 20 54 54
12 5622 20 54 54
12 5623 20 54 54
12 5624 20 54 54
12 5625 20 54 54
12 5626 20 54 54
12 5627 20 54 54
12 5628 20 54 54
12 5629 20 54 54
12 5630 20 54 54
12 5631 20 54 54
12 5632 20 54 54
12 5633 20 54 54
12 5634 20 54 54
12 5635 20 54 54
12 5636 20 216 216
12 5637 20 54 54
12 5638 20 54 54
12 5639 20 54 54
12 5640 20 54 54
12 5641 20 54 54
12 5642 20 54 54
12 5643 20 54 54
12 5644 20 54 54
12 5645 20 54 54
12 5646 20 54 54
12 5647 20 54 54
12 5648 20 54 54
12 5649 20 54 54
12 5650 20 54 54
12 5651 20 54 54
12 5652 20 54 54
12 5653 20 54 54
12 5654 20 54 54
12 5655 20 54 54
12 5656 20 54 54
12 5657 20 54 54
12 5658 20 54 54
12 5659 20 54 54
12 5660 20 54 54
12 5661 20 54 54
12 5662 20 54 54
12 5663 20 180 180
12 5664 20 54 54
12 5665 20 54 54
12 5666 20 54 54
12 5667 20 54 54
12 5668 20 54 54
12 5669 20 54 54
12 5670 20 180 180
12 5671 20 54 54
12 5672 20 54 54
12 5673 20 54 54
12 5674 20 54 54
12 5675 20 54 54
12 5676 20 54 54
12 5677 20 54 54
12 5678 20 54 54
12 5679 20 54 54
12 5680 20 66 66
12 5681 20 66 66
12 5682 20 66 66
12 5683 20 66 66
12 5684 20 66 66
12 5685 20 66 66
12 5686 20 66 66
12 5687 20 66 66
12 5688 20 66 66
12 5689 20 66 66
12 5690 20 54 54
12 5691 20 54 54
12 5692 20 54 54
12 5693 20 54 54
12 5694 20 54 54
12 5695 20 54 54
12 5696 20 54 54
12 5697 20 54 54
12 5698 20 54 54
12 5699 20 54 54
12 5700 20 54 54
12 5701 20 54 54
12 5702 20 54 54
12 5703 20 54 54
12 5704 20 54 54
12 5705 20 54 54
12 5706 20 54 54
12 5707 20 54 54
12 5708 20 54 54
12 5709 20 54 54
12 5710 20 54 54
12 5711 20 54 54
12 5712 20 54 54
12 5713 20 54 54
12 5714 20 54 54
12 5715 20 54 54
12 5716 20 54 54
12 5717 20 54 54
12 5718 20 54 54
12 5719 20 54 54
12 5720 20 54 54
12 5721 20 54 54
12 5722 20 54 54
12 5723 20 54 54
12 5724 20 216 216
12 5725 20 54 54
12 5726 20 54 54
12 5727 20 54 54
12 5728 20 54 54
12 5729 20 54 54
12 5730 20 54 54
12 5731 20 54 54
12 5732 20 54 54
12 5733 20 54 54
12 5734 20 54 54
12 5735 20 54 54
12 5736 20 54 54
12 5737 20 54 54
12 5738 20 54 54
12 5739 20 54 54
12 5740 20 54 54
12 5741 20 54 54
12 5742 20 54 54
12 5743 20 54 54
12 5744 20 54 54
12 5745 20 54 54
12 5746 20 54 54
12 5747 20 54 54
12 5748 20 54 54
12 5749 20 54 54
12 5750 20 54 54
12 5751 20 54 54
12 5752 20 54 54
12 5753 20 54 54
12 5754 20 54 54
12 5755 20 54 54
12 5756 20 54 54
12 5757 20 66 66
12 5758 20 66 66
12 5759 20 66 66
12 5760 20 66 66
12 5761 20 66 66
12 5762 20 66 66
12 5763 20 66 66
12 5764 20 66 66
12 5765 20 66 66
12 5766 20 66 66
12 5767 20 66 66
12 5768 20 66 66
12 5769 20 66 66
12 5770 20 66 66
12 5771 20 66 66
12 5772 20 66 66
12 5773 20 66 66
12 5774 20 66 66
12 5775 20 90 90
12 5776 20 54 54
12 5777 20 54 54
12 5778 20 54 54
12 5779 20 54 54
12 5780 20 54 54
12 5781 20 54 54
12 5782 20 456 456
12 5783 20 54 54
12 5784 20 54 54
12 5785 20 54 54
12 5786 20 54 54
12 5787 20 54 54
12 5788 20 54 54
12 5789 20 54 54
12 5790 20 54 54
12 5791 20 54 54
12 5792 20 54 54
12 5793 20 54 54
12 5794 20 54 54
12 5795 20 54 54
12 5796 20 54 54
12 5797 20 54 54
12 5798 20 54 54
12 5799 20 54 54
12 5800 20 54 54
12 5801 20 54 54
12 5802 20 54 54
12 5803 20 54 54
12 5804 20 54 54
12 5805 20 54 54
12 5806 20 54 54
12 5807 20 54 54
12 5808 20 54 54
12 5809 20 54 54
12 5810 20 54 54
12 5811 20 54 54
12 5812 20 54 54
12 5813 20 54 54
12 5814 20 54 54
12 5815 20 54 54
12 5816 20 54 54
12 5817 20 54 54
12 5818 20 54 54
12 5819 20 54 54
12 5820 20 216 216
12 5821 20 174 174
12 5822 20 174 174
12 5823 20 174 174
12 5824 20 174 174
12 5825 20 174 174
12 5826 20 174 174
12 5827 20 174 174
12 5828 20 174 174
12 5829 20 174 174
12 5830 20 174 174
12 5831 20 48 48
12 5832 20 48 48
12 5833 20 48 48
12 5834 20 48 48
12 5835 20 48 48
12 5836 20 48 48
12 5837 20 48 48
12 5838 20 48 48
12 5839 20 48 48
12 5840 20 48 48
12 5841 20 48 48
12 5842 20 36 36
12 5843 20 54 54
12 5844 20 54 54
12 5845 20 54 54
12 5846 20 54 54
12 5847 20 54 54
12 5848 20 54 54
12 5849 20 54 54
12 5850 20 54 54
12 5851 20 54 54
12 5852 20 54 54
12 5853 20 54 54
12 5854 20 54 54
12 5855 20 216 216
12 5856 20 54 54
12 5857 20 54 54
12 5858 20 54 54
12 5859 20 54 54
12 5860 20 54 54
12 5861 20 54 54
12 5862 20 54 54
12 5863 20 54 54
12 5864 20 54 54
12 5865 20 54 54
12 5866 20 54 54
12 5867 20 162 162
12 5868 20 54 54
12 5869 20 54 54
12 5870 20 54 54
12 5871 20 54 54
12 5872 20 54 54
12 5873 20 54 54
12 5874 20 54 54
12 5875 20 54 54
12 5876 20 54 54
12 5877 20 54 54
12 5878 20 54 54
12 5879 20 456 456
12 5880 20 54 54
12 5881 20 54 54
12 5882 20 54 54
12 5883 20 54 54
12 5884 20 54 54
12 5885 20 54 54
12 5886 20 54 54
12 5887 20 54 54
12 5888 20 54 54
12 5889 20 54 54
12 5890 20 54 54
12 5891 20 54 54
12 5892 20 54 54
12 5893 20 54 54
12 5894 20 54 54
12 5895 20 54 54
12 5896 20 54 54
12 5897 20 54 54
12 5898 20 54 54
12 5899 20 54 54
12 5900 20 54 54
12 5901 20 54 54
12 5902 20 54 54
12 5903 20 54 54
12 5904 20 54 54
12 5905 20 54 54
12 5906 20 84 84
12 5907 20 84 84
12 5908 20 84 84
12 5909 20 84 84
12 5910 20 84 84
12 5911 20 84 84
12 5912 20 84 84
12 5913 20 84 84
12 5914 20 84 84
12 5915 20 84 84
12 5916 20 84 84
12 5917 20 84 84
12 5918 20 84 84
12 5919 20 84 84
12 5920 20 126 126
12 5921 20 84 84
12 5922 20 84 84
12 5923 20 84 84
12 5924 20 84 84
12 5925 20 84 84
12 5926 20 84 84
12 5927 20 84 84
12 5928 20 84 84
12 5929 20 84 84
12 5930 20 84 84
12 5931 20 84 84
12 5932 20 84 84
12 5933 20 84 84
12 5934 20 84 84
12 5935 20 84 84
12 5936 20 84 84
12 5937 20 126 126
12 5938 20 24 24
12 5939 20 24 24
12 5940 20 24 24
12 5941 20 24 24
12 5942 20 24 24
12 5943 20 24 24
12 5944 20 24 24
12 5945 20 24 24
12 5946 20 24 24
12 5947 20 24 24
12 5948 20 24 24
12 5949 20 24 24
12 5950 20 24 24
12 5951 20 24 24
12 5952 20 24 24
12 5953 20 24 24
12 5954 20 24 24
12 5955 20 24 24
12 5956 20 24 24
12 5957 20 24 24
12 5958 20 24 24
12 5959 20 24 24
12 5960 20 24 24
12 5961 20 24 24
12 5962 20 24 24
12 5963 20 24 24
12 5964 20 24 24
12 5965 20 24 24
12 5966 20 24 24
12 5967 20 24 24
12 5968 20 24 24
12 5969 20 24 24
12 5970 20 24 24
12 5971 20 24 24
12 5972 20 24 24
12 5973 20 24 24
12 5974 20 24 24
12 5975 20 24 24
12 5976 20 24 24
12 5977 20 24 24
12 5978 20 24 24
12 5979 20 24 24
12 5980 20 24 24
12 5981 20 24 24
12 5982 20 24 24
12 5983 20 24 24
12 5984 20 24 24
12 5985 20 24 24
12 5986 20 24 24
12 5987 20 24 24
12 5988 20 24 24
12 5989 20 24 24
12 5990 20 24 24
12 5991 20 24 24
12 5992 20 24 24
12 5993 20 24 24
12 5994 20 24 24
12 5995 20 24 24
12 5996 20 24 24
12 5997 20 24 24
12 5998 20 24 24
12 5999 20 24 24
12 6000 20 24 24
12 6001 20 24 24
12 6002 20 24 24
12 6003 20 24 24
12 6004 20 24 24
12 6005 20 24 24
12 6006 20 24 24
12 6007 20 24 24
12 6008 20 24 24
12 6009 20 24 24
12 6010 20 24 24
12 6011 20 24 24
12 6012 20 24 24
12 6013 20 24 24
12 6014 20 24 24
12 6015 20 24 24
12 6016 20 24 24
12 6017 20 24 24
12 6018 20 24 24
12 6019 20 24 24
12 6020 20 24 24
12 6021 20 24 24
12 6022 20 24 24
12 6023 20 24 24
12 6024 20 24 24
12 6025 20 24 24
12 6026 20 24 24
12 6027 20 24 24
12 6028 20 24 24
12 6029 20 24 24
12 6030 20 24 24
12 6031 20 24 24
12 6032 20 24 24
12 6033 20 24 24
12 6034 20 24 24
12 6035 20 24 24
12 6036 20 24 24
12 6037 20 24 24
12 6038 20 24 24
12 6039 20 24 24
12 6040 20 24 24
12 6041 20 24 24
12 6042 20 24 24
12 6043 20 24 24
12 6044 20 24 24
12 6045 20 24 24
12 6046 20 24 24
12 6047 20 24 24
12 6048 20 24 24
12 6049 20 24 24
12 6050 20 24 24
12 6051 20 24 24
12 6052 20 24 24
12 6053 20 24 24
12 6054 20 24 24
12 6055 20 24 24
12 6056 20 24 24
12 6057 20 24 24
12 6058 20 24 24
12 6059 20 24 24
12 6060 20 24 24
12 6061 20 24 24
12 6062 20 24 24
12 6063 20 24 24
12 6064 20 24 24
12 6065 20 24 24
12 6066 20 24 24
12 6067 20 24 24
12 6068 20 24 24
12 6069 20 24 24
12 6070 20 24 24
12 6071 20 24 24
12 6072 20 24 24
12 6073 20 24 24
12 6074 20 24 24
12 6075 20 24 24
12 6076 20 24 24
12 6077 20 24 24
12 6078 20 24 24
12 6079 20 24 24
12 6080 20 24 24
12 6081 20 24 24
12 6082 20 24 24
12 6083 20 24 24
12 6084 20 24 24
12 6085 20 24 24
12 6086 20 24 24
12 6087 20 24 24
12 6088 20 24 24
12 6089 20 24 24
12 6090 20 24 24
12 6091 20 24 24
12 6092 20 24 24
12 6093 20 24 24
12 6094 20 24 24
12 6095 20 24 24
12 6096 20 24 24
12 6097 20 24 24
12 6098 20 24 24
12 6099 20 24 24
12 6100 20 24 24
12 6101 20 24 24
12 6102 20 24 24
12 6103 20 24 24
12 6104 20 24 24
12 6105 20 24 24
12 6106 20 24 24
12 6107 20 24 24
12 6108 20 24 24
12 6109 20 24 24
12 6110 20 24 24
12 6111 20 24 24
12 6112 20 24 24
12 6113 20 24 24
12 6114 20 24 24
12 6115 20 24 24
12 6116 20 24 24
12 6117 20 24 24
12 6118 20 24 24
12 6119 20 24 24
12 6120 20 24 24
12 6121 20 24 24
12 6122 20 24 24
12 6123 20 24 24
12 6124 20 24 24
12 6125 20 24 24
12 6126 20 24 24
12 6127 20 24 24
12 6128 20 24 24
12 6129 20 24 24
12 6130 20 24 24
12 6131 20 24 24
12 6132 20 24 24
12 6133 20 24 24
12 6134 20 24 24
12 6135 20 24 24
12 6136 20 24 24
12 6137 20 24 24
12 6138 20 24 24
12 6139 20 24 24
12 6140 20 24 24
12 6141 20 24 24
12 6142 20 24 24
12 6143 20 24 24
12 6144 20 24 24
12 6145 20 24 24
12 6146 20 24 24
12 6147 20 24 24
12 6148 20 24 24
12 6149 20 24 24
12 6150 20 24 24
12 6151 20 24 24
12 6152 20 24 24
12 6153 20 24 24
12 6154 20 24 24
12 6155 20 24 24
12 6156 20 24 24
12 6157 20 24 24
12 6158 20 24 24
12 6159 20 24 24
12 6160 20 24 24
12 6161 20 24 24
12 6162 20 24 24
12 6163 20 24 24
12 6164 20 24 24
12 6165 20 24 24
12 6166 20 24 24
12 6167 20 24 24
12 6168 20 24 24
12 6169 20 24 24
12 6170 20 24 24
12 6171 20 24 24
12 6172 20 24 24
12 6173 20 24 24
12 6174 20 24 24
12 6175 20 24 24
12 6176 20 24 24
12 6177 20 24 24
12 6178 20 24 24
12 6179 20 24 24
12 6180 20 24 24
12 6181 20 24 24
12 6182 20 24 24
12 6183 20 24 24
12 6184 20 24 24
12 6185 20 24 24
12 6186 20 24 24
12 6187 20 24 24
12 6188 20 24 24
12 6189 20 24 24
12 6190 20 24 24
12 6191 20 24 24
12 6192 20 24 24
12 6193 20 24 24
12 6194 20 24 24
12 6195 20 24 24
12 6196 20 24 24
12 6197 20 24 24
12 6198 20 24 24
12 6199 20 24 24
12 6200 20 24 24
12 6201 20 24 24
12 6202 20 24 24
12 6203 20 24 24
12 6204 20 24 24
12 6205 20 24 24
12 6206 20 24 24
12 6207 20 24 24
12 6208 20 24 24
12 6209 20 24 24
12 6210 20 24 24
12 6211 20 24 24
12 6212 20 24 24
12 6213 20 24 24
12 6214 20 24 24
12 6215 20 24 24
12 6216 20 24 24
12 6217 20 24 24
12 6218 20 24 24
12 6219 20 24 24
12 6220 20 24 24
12 6221 20 24 24
12 6222 20 24 24
12 6223 20 24 24
12 6224 20 24 24
12 6225 20 24 24
12 6226 20 24 24
12 6227 20 24 24
12 6228 20 24 24
12 6229 20 24 24
12 6230 20 24 24
12 6231 20 24 24
12 6232 20 24 24
12 6233 20 24 24
12 6234 20 24 24
12 6235 20 24 24
12 6236 20 24 24
12 6237 20 24 24
12 6238 20 24 24
12 6239 20 24 24
12 6240 20 24 24
12 6241 20 24 24
12 6242 20 24 24
12 6243 20 24 24
12 6244 20 24 24
12 6245 20 24 24
12 6246 20 24 24
12 6247 20 24 24
12 6248 20 24 24
12 6249 20 24 24
12 6250 20 24 24
12 6251 20 24 24
12 6252 20 24 24
12 6253 20 24 24
12 6254 20 24 24
12 6255 20 24 24
12 6256 20 24 24
12 6257 20 24 24
12 6258 20 24 24
12 6259 20 24 24
12 6260 20 24 24
12 6261 20 24 24
12 6262 20 24 24
12 6263 20 24 24
12 6264 20 24 24
12 6265 20 24 24
12 6266 20 24 24
12 6267 20 24 24
12 6268 20 24 24
12 6269 20 24 24
12 6270 20 24 24
12 6271 20 24 24
12 6272 20 24 24
12 6273 20 24 24
12 6274 20 24 24
12 6275 20 24 24
12 6276 20 24 24
12 6277 20 24 24
12 6278 20 24 24
12 6279 20 24 24
12 6280 20 24 24
12 6281 20 24 24
12 6282 20 24 24
12 6283 20 24 24
12 6284 20 24 24
12 6285 20 24 24
12 6286 20 24 24
12 6287 20 24 24
12 6288 20 24 24
12 6289 20 24 24
12 6290 20 24 24
12 6291 20 24 24
12 6292 20 24 24
12 6293 20 24 24
12 6294 20 24 24
12 6295 20 24 24
12 6296 20 24 24
12 6297 20 24 24
12 6298 20 24 24
12 6299 20 24 24
12 6300 20 24 24
12 6301 20 24 24
12 6302 20 24 24
12 6303 20 24 24
12 6304 20 24 24
12 6305 20 24 24
12 6306 20 24 24
12 6307 20 24 24
12 6308 20 24 24
12 6309 20 24 24
12 6310 20 24 24
12 6311 20 24 24
12 6312 20 24 24
12 6313 20 24 24
12 6314 20 24 24
12 6315 20 24 24
12 6316 20 24 24
12 6317 20 24 24
12 6318 20 24 24
12 6319 20 24 24
12 6320 20 24 24
12 6321 20 24 24
12 6322 20 24 24
12 6323 20 24 24
12 6324 20 24 24
12 6325 20 24 24
12 6326 20 24 24
12 6327 20 24 24
12 6328 20 24 24
12 6329 20 24 24
12 6330 20 24 24
12 6331 20 24 24
12 6332 20 24 24
12 6333 20 24 24
12 6334 20 24 24
12 6335 20 24 24
12 6336 20 24 24
12 6337 20 24 24
12 6338 20 24 24
12 6339 20 24 24
12 6340 20 24 24
12 6341 20 24 24
12 6342 20 24 24
12 6343 20 24 24
12 6344 20 24 24
12 6345 20 24 24
12 6346 20 24 24
12 6347 20 24 24
12 6348 20 24 24
12 6349 20 24 24
12 6350 20 24 24
12 6351 20 24 24
12 6352 20 24 24
12 6353 20 24 24
12 6354 20 24 24
12 6355 20 24 24
12 6356 20 24 24
12 6357 20 24 24
12 6358 20 24 24
12 6359 20 24 24
12 6360 20 24 24
12 6361 20 24 24
12 6362 20 24 24
12 6363 20 24 24
12 6364 20 24 24
12 6365 20 24 24
12 6366 20 24 24
12 6367 20 24 24
12 6368 20 24 24
12 6369 20 24 24
12 6370 20 24 24
12 6371 20 24 24
12 6372 20 24 24
12 6373 20 24 24
12 6374 20 24 24
12 6375 20 24 24
12 6376 20 24 24
12 6377 20 24 24
12 6378 20 24 24
12 6379 20 24 24
12 6380 20 24 24
12 6381 20 24 24
12 6382 20 24 24
12 6383 20 24 24
12 6384 20 24 24
12 6385 20 24 24
12 6386 20 24 24
12 6387 20 24 24
12 6388 20 24 24
12 6389 20 24 24
12 6390 20 18 18
12 6391 20 18 18
12 6392 20 18 18
12 6393 20 18 18
12 6394 20 18 18
12 6395 20 18 18
12 6396 20 18 18
12 6397 20 18 18
12 6398 20 18 18
12 6399 20 18 18
12 6400 20 18 18
12 6401 20 18 18
12 6402 20 18 18
12 6403 20 18 18
12 6404 20 18 18
12 6405 20 18 18
12 6406 20 18 18
12 6407 20 18 18
12 6408 20 18 18
12 6409 20 18 18
12 6410 20 18 18
12 6411 20 18 18
12 6412 20 18 18
12 6413 20 18 18
12 6414 20 18 18
12 6415 20 18 18
12 6416 20 18 18
12 6417 20 18 18
12 6418 20 18 18
12 6419 20 18 18
12 6420 20 18 18
12 6421 20 18 18
12 6422 20 18 18
12 6423 20 18 18
12 6424 20 18 18
12 6425 20 18 18
12 6426 20 18 18
12 6427 20 18 18
12 6428 20 18 18
12 6429 20 18 18
12 6430 20 18 18
12 6431 20 18 18
12 6432 20 18 18
12 6433 20 18 18
12 6434 20 18 18
12 6435 20 18 18
12 6436 20 18 18
12 6437 20 18 18
12 6438 20 18 18
12 6439 20 270 270
12 6440 20 18 18
12 6441 20 18 18
12 6442 20 18 18
12 6443 20 18 18
12 6444 20 18 18
12 6445 20 18 18
12 6446 20 18 18
12 6447 20 18 18
12 6448 20 18 18
12 6449 20 18 18
12 6450 20 18 18
12 6451 20 72 72
12 6452 20 18 18
12 6453 20 18 18
12 6454 20 18 18
12 6455 20 18 18
12 6456 20 18 18
12 6457 20 18 18
12 6458 20 18 18
12 6459 20 18 18
12 6460 20 90 90
12 6461 20 18 18
12 6462 20 18 18
12 6463 20 18 18
12 6464 20 18 18
12 6465 20 18 18
12 6466 20 18 18
12 6467 20 18 18
12 6468 20 18 18
12 6469 20 18 18
12 6470 20 18 18
12 6471 20 18 18
12 6472 20 18 18
12 6473 20 18 18
12 6474 20 18 18
12 6475 20 18 18
12 6476 20 18 18
12 6477 20 18 18
12 6478 20 18 18
12 6479 20 18 18
12 6480 20 18 18
12 6481 20 18 18
12 6482 20 18 18
12 6483 20 18 18
12 6484 20 18 18
12 6485 20 18 18
12 6486 20 18 18
12 6487 20 72 72
12 6488 20 72 72
12 6489 20 72 72
12 6490 20 72 72
12 6491 20 72 72
12 6492 20 72 72
12 6493 20 72 72
12 6494 20 72 72
12 6495 20 72 72
12 6496 20 72 72
12 6497 20 72 72
12 6498 20 18 18
12 6499 20 18 18
12 6500 20 18 18
12 6501 20 18 18
12 6502 20 18 18
12 6503 20 18 18
12 6504 20 18 18
12 6505 20 18 18
12 6506 20 18 18
12 6507 20 18 18
12 6508 20 18 18
12 6509 20 18 18
12 6510 20 18 18
12 6511 20 18 18
12 6512 20 18 18
12 6513 20 18 18
12 6514 20 18 18
12 6515 20 18 18
12 6516 20 18 18
12 6517 20 72 72
12 6518 20 18 18
12 6519 20 324 324
12 6520 20 18 18
12 6521 20 18 18
12 6522 20 18 18
12 6523 20 18 18
12 6524 20 18 18
12 6525 20 18 18
12 6526 20 18 18
12 6527 20 18 18
12 6528 20 18 18
12 6529 20 18 18
12 6530 20 18 18
12 6531 20 18 18
12 6532 20 18 18
12 6533 20 90 90
12 6534 20 18 18
12 6535 20 18 18
12 6536 20 18 18
12 6537 20 18 18
12 6538 20 18 18
12 6539 20 18 18
12 6540 20 18 18
12 6541 20 18 18
12 6542 20 18 18
12 6543 20 18 18
12 6544 20 18 18
12 6545 20 18 18
12 6546 20 18 18
12 6547 20 18 18
12 6548 20 18 18
12 6549 20 18 18
12 6550 20 18 18
12 6551 20 18 18
12 6552 20 18 18
12 6553 20 18 18
12 6554 20 18 18
12 6555 20 18 18
12 6556 20 18 18
12 6557 20 18 18
12 6558 20 18 18
12 6559 20 18 18
12 6560 20 18 18
12 6561 20 18 18
12 6562 20 18 18
12 6563 20 18 18
12 6564 20 18 18
12 6565 20 18 18
12 6566 20 18 18
12 6567 20 18 18
12 6568 20 18 18
12 6569 20 132 132
12 6570 20 132 132
12 6571 20 132 132
12 6572 20 132 132
12 6573 20 132 132
12 6574 20 132 132
12 6575 20 132 132
12 6576 20 132 132
12 6577 20 132 132
12 6578 20 132 132
12 6579 20 132 132
12 6580 20 132 132
12 6581 20 132 132
12 6582 20 132 132
12 6583 20 132 132
12 6584 20 132 132
12 6585 20 132 132
12 6586 20 132 132
12 6587 20 90 90
12 6588 20 18 18
12 6589 20 18 18
12 6590 20 18 18
12 6591 20 18 18
12 6592 20 18 18
12 6593 20 18 18
12 6594 20 18 18
12 6595 20 18 18
12 6596 20 18 18
12 6597 20 18 18
12 6598 20 18 18
12 6599 20 18 18
12 6600 20 18 18
12 6601 20 18 18
12 6602 20 18 18
12 6603 20 18 18
12 6604 20 18 18
12 6605 20 18 18
12 6606 20 18 18
12 6607 20 18 18
12 6608 20 18 18
12 6609 20 18 18
12 6610 20 18 18
12 6611 20 18 18
12 6612 20 18 18
12 6613 20 18 18
12 6614 20 18 18
12 6615 20 18 18
12 6616 20 18 18
12 6617 20 18 18
12 6618 20 18 18
12 6619 20 18 18
12 6620 20 18 18
12 6621 20 18 18
12 6622 20 18 18
12 6623 20 18 18
12 6624 20 18 18
12 6625 20 18 18
12 6626 20 18 18
12 6627 20 18 18
12 6628 20 18 18
12 6629 20 18 18
12 6630 20 18 18
12 6631 20 18 18
12 6632 20 18 18
12 6633 20 18 18
12 6634 20 18 18
12 6635 20 18 18
12 6636 20 18 18
12 6637 20 18 18
12 6638 20 18 18
12 6639 20 18 18
12 6640 20 18 18
12 6641 20 18 18
12 6642 20 18 18
12 6643 20 18 18
12 6644 20 18 18
12 6645 20 18 18
12 6646 20 18 18
12 6647 20 18 18
12 6648 20 18 18
12 6649 20 18 18
12 6650 20 18 18
12 6651 20 18 18
12 6652 20 18 18
12 6653 20 18 18
12 6654 20 18 18
12 6655 20 18 18
12 6656 20 174 174
12 6657 20 174 174
12 6658 20 174 174
12 6659 20 174 174
12 6660 20 174 174
12 6661 20 126 126
12 6662 20 18 18
12 6663 20 18 18
12 6664 20 18 18
12 6665 20 18 18
12 6666 20 18 18
12 6667 20 18 18
12 6668 20 18 18
12 6669 20 18 18
12 6670 20 18 18
12 6671 20 18 18
12 6672 20 18 18
12 6673 20 18 18
12 6674 20 18 18
12 6675 20 18 18
12 6676 20 18 18
12 6677 20 18 18
12 6678 20 18 18
12 6679 20 18 18
12 6680 20 18 18
12 6681 20 18 18
12 6682 20 18 18
12 6683 20 18 18
12 6684 20 18 18
12 6685 20 18 18
12 6686 20 18 18
12 6687 20 18 18
12 6688 20 18 18
12 6689 20 18 18
12 6690 20 18 18
12 6691 20 18 18
12 6692 20 18 18
12 6693 20 18 18
12 6694 20 18 18
12 6695 20 18 18
12 6696 20 18 18
12 6697 20 18 18
12 6698 20 18 18
12 6699 20 18 18
12 6700 20 18 18
12 6701 20 18 18
12 6702 20 18 18
12 6703 20 18 18
12 6704 20 18 18
12 6705 20 18 18
12 6706 20 18 18
12 6707 20 18 18
12 6708 20 18 18
12 6709 20 18 18
12 6710 20 18 18
12 6711 20 18 18
12 6712 20 18 18
12 6713 20 18 18
12 6714 20 18 18
12 6715 20 18 18
12 6716 20 18 18
12 6717 20 18 18
12 6718 20 18 18
12 6719 20 18 18
12 6720 20 18 18
12 6721 20 18 18
12 6722 20 18 18
12 6723 20 18 18
12 6724 20 18 18
12 6725 20 18 18
12 6726 20 18 18
12 6727 20 18 18
12 6728 20 18 18
12 6729 20 18 18
12 6730 20 18 18
12 6731 20 18 18
12 6732 20 18 18
12 6733 20 18 18
12 6734 20 18 18
12 6735 20 18 18
12 6736 20 18 18
12 6737 20 18 18
12 6738 20 18 18
12 6739 20 18 18
12 6740 20 18 18
12 6741 20 18 18
12 6742 20 18 18
12 6743 20 18 18
12 6744 20 18 18
12 6745 20 18 18
12 6746 20 18 18
12 6747 20 18 18
12 6748 20 18 18
12 6749 20 18 18
12 6750 20 18 18
12 6751 20 18 18
12 6752 20 18 18
12 6753 20 18 18
12 6754 20 18 18
12 6755 20 18 18
12 6756 20 18 18
12 6757 20 18 18
12 6758 20 18 18
12 6759 20 18 18
12 6760 20 18 18
12 6761 20 18 18
12 6762 20 18 18
12 6763 20 18 18
12 6764 20 18 18
12 6765 20 18 18
12 6766 20 18 18
12 6767 20 18 18
12 6768 20 18 18
12 6769 20 18 18
12 6770 20 18 18
12 6771 20 18 18
12 6772 20 18 18
12 6773 20 18 18
12 6774 20 18 18
12 6775 20 18 18
12 6776 20 18 18
12 6777 20 18 18
12 6778 20 18 18
12 6779 20 18 18
12 6780 20 18 18
12 6781 20 18 18
12 6782 20 18 18
12 6783 20 36 36
12 6784 20 36 36
12 6785 20 36 36
12 6786 20 36 36
12 6787 20 36 36
12 6788 20 36 36
12 6789 20 36 36
12 6790 20 36 36
12 6791 20 36 36
12 6792 20 42 42
12 6793 20 42 42
12 6794 20 18 18
12 6795 20 18 18
12 6796 20 18 18
12 6797 20 18 18
12 6798 20 18 18
12 6799 20 18 18
12 6800 20 18 18
12 6801 20 18 18
12 6802 20 18 18
12 6803 20 18 18
12 6804 20 18 18
12 6805 20 18 18
12 6806 20 18 18
12 6807 20 18 18
12 6808 20 18 18
12 6809 20 18 18
12 6810 20 18 18
12 6811 20 18 18
12 6812 20 18 18
12 6813 20 18 18
12 6814 20 18 18
12 6815 20 18 18
12 6816 20 18 18
12 6817 20 18 18
12 6818 20 18 18
12 6819 20 18 18
12 6820 20 18 18
12 6821 20 18 18
12 6822 20 18 18
12 6823 20 18 18
12 6824 20 18 18
12 6825 20 18 18
12 6826 20 18 18
12 6827 20 18 18
12 6828 20 18 18
12 6829 20 18 18
12 6830 20 18 18
12 6831 20 18 18
12 6832 20 18 18
12 6833 20 18 18
12 6834 20 18 18
12 6835 20 18 18
12 6836 20 18 18
12 6837 20 18 18
12 6838 20 18 18
12 6839 20 18 18
12 6840 20 18 18
12 6841 20 18 18
12 6842 20 18 18
12 6843 20 18 18
12 6844 20 18 18
12 6845 20 18 18
12 6846 20 18 18
12 6847 20 18 18
12 6848 20 18 18
12 6849 20 18 18
12 6850 20 18 18
12 6851 20 18 18
12 6852 20 18 18
12 6853 20 18 18
12 6854 20 18 18
12 6855 20 18 18
12 6856 20 18 18
12 6857 20 18 18
12 6858 20 18 18
12 6859 20 18 18
12 6860 20 18 18
12 6861 20 18 18
12 6862 20 18 18
12 6863 20 18 18
12 6864 20 18 18
12 6865 20 18 18
12 6866 20 18 18
12 6867 20 18 18
12 6868 20 18 18
12 6869 20 18 18
12 6870 20 18 18
12 6871 20 18 18
12 6872 20 18 18
12 6873 20 18 18
12 6874 20 18 18
12 6875 20 18 18
12 6876 20 18 18
12 6877 20 18 18
12 6878 20 18 18
12 6879 20 18 18
12 6880 20 18 18
12 6881 20 18 18
12 6882 20 18 18
12 6883 20 18 18
12 6884 20 18 18
12 6885 20 18 18
12 6886 20 18 18
12 6887 20 18 18
12 6888 20 18 18
12 6889 20 18 18
12 6890 20 18 18
12 6891 20 18 18
12 6892 20 18 18
12 6893 20 18 18
12 6894 20 18 18
12 6895 20 18 18
12 6896 20 18 18
12 6897 20 18 18
12 6898 20 18 18
12 6899 20 18 18
12 6900 20 18 18
12 6901 20 18 18
12 6902 20 18 18
12 6903 20 18 18
12 6904 20 18 18
12 6905 20 18 18
12 6906 20 18 18
12 6907 20 18 18
12 6908 20 18 18
12 6909 20 18 18
12 6910 20 18 18
12 6911 20 78 78
12 6912 20 18 18
12 6913 20 18 18
12 6914 20 18 18
12 6915 20 18 18
12 6916 20 18 18
12 6917 20 18 18
12 6918 20 18 18
12 6919 20 18 18
12 6920 20 18 18
12 6921 20 18 18
12 6922 20 18 18
12 6923 20 18 18
12 6924 20 18 18
12 6925 20 18 18
12 6926 20 18 18
12 6927 20 18 18
12 6928 20 18 18
12 6929 20 18 18
12 6930 20 18 18
12 6931 20 18 18
12 6932 20 18 18
12 6933 20 18 18
12 6934 20 18 18
12 6935 20 18 18
12 6936 20 18 18
12 6937 20 18 18
12 6938 20 18 18
12 6939 20 18 18
12 6940 20 18 18
12 6941 20 18 18
12 6942 20 18 18
12 6943 20 18 18
12 6944 20 18 18
12 6945 20 18 18
12 6946 20 72 72
12 6947 20 18 18
12 6948 20 18 18
12 6949 20 18 18
12 6950 20 18 18
12 6951 20 18 18
12 6952 20 18 18
12 6953 20 18 18
12 6954 20 18 18
12 6955 20 18 18
12 6956 20 18 18
12 6957 20 18 18
12 6958 20 18 18
12 6959 20 18 18
12 6960 20 18 18
12 6961 20 18 18
12 6962 20 72 72
12 6963 20 72 72
12 6964 20 72 72
12 6965 20 72 72
12 6966 20 72 72
12 6967 20 72 72
12 6968 20 72 72
12 6969 20 72 72
12 6970 20 72 72
12 6971 20 72 72
12 6972 20 72 72
12 6973 20 72 72
12 6974 20 72 72
12 6975 20 72 72
12 6976 20 72 72
12 6977 20 72 72
12 6978 20 72 72
12 6979 20 72 72
12 6980 20 18 18
12 6981 20 18 18
12 6982 20 18 18
12 6983 20 18 18
12 6984 20 18 18
12 6985 20 18 18
12 6986 20 18 18
12 6987 20 18 18
12 6988 20 18 18
12 6989 20 18 18
12 6990 20 18 18
12 6991 20 18 18
12 6992 20 18 18
12 6993 20 18 18
12 6994 20 18 18
12 6995 20 18 18
12 6996 20 18 18
12 6997 20 18 18
12 6998 20 18 18
12 6999 20 18 18
12 7000 20 18 18
12 7001 20 18 18
12 7002 20 18 18
12 7003 20 18 18
12 7004 20 18 18
12 7005 20 18 18
12 7006 20 18 18
12 7007 20 18 18
12 7008 20 18 18
12 7009 20 18 18
12 7010 20 18 18
12 7011 20 18 18
12 7012 20 18 18
12 7013 20 18 18
12 7014 20 18 18
12 7015 20 18 18
12 7016 20 18 18
12 7017 20 18 18
12 7018 20 18 18
12 7019 20 18 18
12 7020 20 18 18
12 7021 20 18 18
12 7022 20 18 18
12 7023 20 18 18
12 7024 20 90 90
12 7025 20 18 18
12 7026 20 18 18
12 7027 20 18 18
12 7028 20 18 18
12 7029 20 18 18
12 7030 20 18 18
12 7031 20 18 18
12 7032 20 18 18
12 7033 20 18 18
12 7034 20 18 18
12 7035 20 18 18
12 7036 20 18 18
12 7037 20 18 18
12 7038 20 18 18
12 7039 20 18 18
12 7040 20 18 18
12 7041 20 18 18
12 7042 20 18 18
12 7043 20 18 18
12 7044 20 18 18
12 7045 20 18 18
12 7046 20 18 18
12 7047 20 18 18
12 7048 20 18 18
12 7049 20 18 18
12 7050 20 18 18
12 7051 20 18 18
12 7052 20 18 18
12 7053 20 18 18
12 7054 20 18 18
12 7055 20 18 18
12 7056 20 18 18
12 7057 20 72 72
12 7058 20 18 18
12 7059 20 18 18
12 7060 20 18 18
12 7061 20 18 18
12 7062 20 18 18
12 7063 20 18 18
12 7064 20 18 18
12 7065 20 18 18
12 7066 20 18 18
12 7067 20 18 18
12 7068 20 18 18
12 7069 20 18 18
12 7070 20 18 18
12 7071 20 18 18
12 7072 20 18 18
12 7073 20 18 18
12 7074 20 18 18
12 7075 20 18 18
12 7076 20 18 18
12 7077 20 18 18
12 7078 20 18 18
12 7079 20 18 18
12 7080 20 18 18
12 7081 20 18 18
12 7082 20 18 18
12 7083 20 18 18
12 7084 20 18 18
12 7085 20 18 18
12 7086 20 18 18
12 7087 20 18 18
12 7088 20 18 18
12 7089 20 18 18
12 7090 20 18 18
12 7091 20 18 18
12 7092 20 18 18
12 7093 20 18 18
12 7094 20 18 18
12 7095 20 18 18
12 7096 20 18 18
12 7097 20 18 18
12 7098 20 18 18
12 7099 20 18 18
12 7100 20 18 18
12 7101 20 18 18
12 7102 20 18 18
12 7103 20 18 18
12 7104 20 18 18
12 7105 20 18 18
12 7106 20 18 18
12 7107 20 90 90
12 7108 20 18 18
12 7109 20 18 18
12 7110 20 18 18
12 7111 20 18 18
12 7112 20 18 18
12 7113 20 18 18
12 7114 20 18 18
12 7115 20 90 90
12 7116 20 18 18
12 7117 20 18 18
12 7118 20 18 18
12 7119 20 18 18
12 7120 20 18 18
12 7121 20 18 18
12 7122 20 18 18
12 7123 20 18 18
12 7124 20 18 18
12 7125 20 18 18
12 7126 20 18 18
12 7127 20 18 18
12 7128 20 18 18
12 7129 20 18 18
12 7130 20 18 18
12 7131 20 18 18
12 7132 20 18 18
12 7133 20 18 18
12 7134 20 18 18
12 7135 20 18 18
12 7136 20 18 18
12 7137 20 18 18
12 7138 20 18 18
12 7139 20 72 72
12 7140 20 18 18
12 7141 20 18 18
12 7142 20 18 18
12 7143 20 18 18
12 7144 20 18 18
12 7145 20 18 18
12 7146 20 18 18
12 7147 20 18 18
12 7148 20 18 18
12 7149 20 18 18
12 7150 20 18 18
12 7151 20 18 18
12 7152 20 18 18
12 7153 20 18 18
12 7154 20 18 18
12 7155 20 18 18
12 7156 20 18 18
12 7157 20 18 18
12 7158 20 30 30
12 7159 20 30 30
12 7160 20 30 30
12 7161 20 30 30
12 7162 20 30 30
12 7163 20 30 30
12 7164 20 30 30
12 7165 20 30 30
12 7166 20 30 30
12 7167 20 30 30
12 7168 20 30 30
12 7169 20 30 30
12 7170 20 30 30
12 7171 20 30 30
12 7172 20 30 30
12 7173 20 30 30
12 7174 20 30 30
12 7175 20 30 30
12 7176 20 30 30
12 7177 20 30 30
12 7178 20 30 30
12 7179 20 30 30
12 7180 20 30 30
12 7181 20 30 30
12 7182 20 30 30
12 7183 20 48 48
12 7184 20 30 30
12 7185 20 30 30
12 7186 20 30 30
12 7187 20 30 30
12 7188 20 30 30
12 7189 20 30 30
12 7190 20 30 30
12 7191 20 48 48
12 7192 20 30 30
12 7193 20 30 30
12 7194 20 30 30
12 7195 20 30 30
12 7196 20 30 30
12 7197 20 30 30
12 7198 20 30 30
12 7199 20 30 30
12 7200 20 84 84
12 7201 20 30 30
12 7202 20 30 30
12 7203 20 30 30
12 7204 20 30 30
12 7205 20 30 30
12 7206 20 30 30
12 7207 20 30 30
12 7208 20 30 30
12 7209 20 30 30
12 7210 20 30 30
12 7211 20 144 144
12 7212 20 30 30
12 7213 20 30 30
12 7214 20 30 30
12 7215 20 30 30
12 7216 20 222 222
12 7217 20 90 90
12 7218 20 30 30
12 7219 20 30 30
12 7220 20 30 30
12 7221 20 30 30
12 7222 20 30 30
12 7223 20 30 30
12 7224 20 30 30
12 7225 20 30 30
12 7226 20 30 30
12 7227 20 30 30
12 7228 20 30 30
12 7229 20 30 30
12 7230 20 30 30
12 7231 20 30 30
12 7232 20 30 30
12 7233 20 30 30
12 7234 20 30 30
12 7235 20 144 144
12 7236 20 30 30
12 7237 20 30 30
12 7238 20 30 30
12 7239 20 30 30
12 7240 20 30 30
12 7241 20 30 30
12 7242 20 30 30
12 7243 20 30 30
12 7244 20 30 30
12 7245 20 30 30
12 7246 20 30 30
12 7247 20 30 30
12 7248 20 30 30
12 7249 20 30 30
12 7250 20 30 30
12 7251 20 30 30
12 7252 20 30 30
12 7253 20 90 90
12 7254 20 42 42
12 7255 20 42 42
12 7256 20 42 42
12 7257 20 42 42
12 7258 20 42 42
12 7259 20 42 42
12 7260 20 42 42
12 7261 20 42 42
12 7262 20 42 42
12 7263 20 108 108
12 7264 20 30 30
12 7265 20 60 60
12 7266 20 60 60
12 7267 20 60 60
12 7268 20 60 60
12 7269 20 60 60
12 7270 20 60 60
12 7271 20 156 156
12 7272 20 54 54
12 7273 20 72 72
12 7274 20 84 84
12 7275 20 84 84
12 7276 20 84 84
12 7277 20 84 84
12 7278 20 84 84
12 7279 20 84 84
12 7280 20 84 84
12 7281 20 84 84
12 7282 20 84 84
12 7283 20 84 84
12 7284 20 84 84
12 7285 20 84 84
12 7286 20 84 84
12 7287 20 84 84
12 7288 20 84 84
12 7289 20 84 84
12 7290 20 84 84
12 7291 20 84 84
12 7292 20 84 84
12 7293 20 84 84
12 7294 20 84 84
12 7295 20 84 84
12 7296 20 84 84
12 7297 20 84 84
12 7298 20 84 84
12 7299 20 84 84
12 7300 20 84 84
12 7301 20 84 84
12 7302 20 84 84
12 7303 20 84 84
12 7304 20 84 84
12 7305 20 84 84
12 7306 20 84 84
12 7307 20 126 126
12 7308 20 84 84
12 7309 20 84 84
12 7310 20 84 84
12 7311 20 84 84
12 7312 20 84 84
12 7313 20 84 84
12 7314 20 90 90
12 7315 20 48 48
12 7316 20 126 126
12 7317 20 84 84
12 7318 20 84 84
12 7319 20 84 84
12 7320 20 84 84
12 7321 20 84 84
12 7322 20 84 84
12 7323 20 84 84
12 7324 20 84 84
12 7325 20 84 84
12 7326 20 84 84
12 7327 20 84 84
12 7328 20 228 228
12 7329 20 78 78
12 7330 20 78 78
12 7331 20 78 78
12 7332 20 78 78
12 7333 20 78 78
12 7334 20 78 78
12 7335 20 78 78
12 7336 20 78 78
12 7337 20 78 78
12 7338 20 78 78
12 7339 20 78 78
12 7340 20 78 78
12 7341 20 78 78
12 7342 20 78 78
12 7343 20 78 78
12 7344 20 78 78
12 7345 20 78 78
12 7346 20 78 78
12 7347 20 78 78
12 7348 20 78 78
12 7349 20 78 78
12 7350 20 78 78
12 7351 20 78 78
12 7352 20 78 78
12 7353 20 78 78
12 7354 20 78 78
12 7355 20 78 78
12 7356 20 78 78
12 7357 20 78 78
12 7358 20 78 78
12 7359 20 78 78
12 7360 20 78 78
12 7361 20 78 78
12 7362 20 78 78
12 7363 20 78 78
12 7364 20 78 78
12 7365 20 78 78
12 7366 20 78 78
12 7367 20 78 78
12 7368 20 78 78
12 7369 20 78 78
12 7370 20 78 78
12 7371 20 78 78
12 7372 20 78 78
12 7373 20 78 78
12 7374 20 78 78
12 7375 20 72 72
12 7376 20 78 78
12 7377 20 78 78
12 7378 20 78 78
12 7379 20 78 78
12 7380 20 78 78
12 7381 20 78 78
12 7382 20 78 78
12 7383 20 78 78
12 7384 20 78 78
12 7385 20 78 78
12 7386 20 72 72
12 7387 20 78 78
12 7388 20 78 78
12 7389 20 78 78
12 7390 20 78 78
12 7391 20 78 78
12 7392 20 78 78
12 7393 20 78 78
12 7394 20 78 78
12 7395 20 78 78
12 7396 20 78 78
12 7397 20 78 78
12 7398 20 78 78
12 7399 20 78 78
12 7400 20 78 78
12 7401 20 78 78
12 7402 20 78 78
12 7403 20 78 78
12 7404 20 78 78
12 7405 20 78 78
12 7406 20 72 72
12 7407 20 60 60
12 7408 20 78 78
12 7409 20 78 78
12 7410 20 78 78
12 7411 20 78 78
12 7412 20 78 78
12 7413 20 78 78
12 7414 20 78 78
12 7415 20 78 78
12 7416 20 78 78
12 7417 20 78 78
12 7418 20 78 78
12 7419 20 78 78
12 7420 20 78 78
12 7421 20 78 78
12 7422 20 360 360
12 7423 20 12 12
12 7424 20 12 12
12 7425 20 12 12
12 7426 20 12 12
12 7427 20 12 12
12 7428 20 12 12
12 7429 20 12 12
12 7430 20 12 12
12 7431 20 12 12
12 7432 20 12 12
12 7433 20 12 12
12 7434 20 12 12
12 7435 20 12 12
12 7436 20 12 12
12 7437 20 12 12
12 7438 20 48 48
12 7439 20 156 156
12 7440 20 12 12
12 7441 20 12 12
12 7442 20 12 12
12 7443 20 12 12
12 7444 20 12 12
12 7445 20 12 12
12 7446 20 12 12
12 7447 20 12 12
12 7448 20 12 12
12 7449 20 12 12
12 7450 20 12 12
12 7451 20 12 12
12 7452 20 12 12
12 7453 20 12 12
12 7454 20 12 12
12 7455 20 12 12
12 7456 20 12 12
12 7457 20 12 12
12 7458 20 12 12
12 7459 20 12 12
12 7460 20 12 12
12 7461 20 12 12
12 7462 20 12 12
12 7463 20 12 12
12 7464 20 12 12
12 7465 20 12 12
12 7466 20 12 12
12 7467 20 12 12
12 7468 20 12 12
12 7469 20 12 12
12 7470 20 12 12
12 7471 20 12 12
12 7472 20 12 12
12 7473 20 12 12
12 7474 20 12 12
12 7475 20 12 12
12 7476 20 12 12
12 7477 20 12 12
12 7478 20 12 12
12 7479 20 12 12
12 7480 20 12 12
12 7481 20 12 12
12 7482 20 12 12
12 7483 20 12 12
12 7484 20 54 54
12 7485 20 54 54
12 7486 20 54 54
12 7487 20 54 54
12 7488 20 54 54
12 7489 20 54 54
12 7490 20 54 54
12 7491 20 54 54
12 7492 20 54 54
12 7493 20 54 54
12 7494 20 54 54
12 7495 20 54 54
12 7496 20 54 54
12 7497 20 54 54
12 7498 20 54 54
12 7499 20 54 54
12 7500 20 54 54
12 7501 20 54 54
12 7502 20 36 36
12 7503 20 36 36
12 7504 20 12 12
12 7505 20 12 12
12 7506 20 12 12
12 7507 20 12 12
12 7508 20 12 12
12 7509 20 12 12
12 7510 20 12 12
12 7511 20 12 12
12 7512 20 12 12
12 7513 20 12 12
12 7514 20 12 12
12 7515 20 12 12
12 7516 20 12 12
12 7517 20 12 12
12 7518 20 12 12
12 7519 20 48 48
12 7520 20 144 144
12 7521 20 12 12
12 7522 20 12 12
12 7523 20 12 12
12 7524 20 12 12
12 7525 20 12 12
12 7526 20 12 12
12 7527 20 12 12
12 7528 20 12 12
12 7529 20 102 102
12 7530 20 12 12
12 7531 20 12 12
12 7532 20 12 12
12 7533 20 12 12
12 7534 20 12 12
12 7535 20 12 12
12 7536 20 12 12
12 7537 20 12 12
12 7538 20 12 12
12 7539 20 12 12
12 7540 20 12 12
12 7541 20 12 12
12 7542 20 12 12
12 7543 20 12 12
12 7544 20 12 12
12 7545 20 12 12
12 7546 20 12 12
12 7547 20 12 12
12 7548 20 12 12
12 7549 20 12 12
12 7550 20 60 60
12 7551 20 60 60
12 7552 20 60 60
12 7553 20 60 60
12 7554 20 60 60
12 7555 20 60 60
12 7556 20 60 60
12 7557 20 12 12
12 7558 20 12 12
12 7559 20 12 12
12 7560 20 12 12
12 7561 20 12 12
12 7562 20 48 48
12 7563 20 12 12
12 7564 20 12 12
12 7565 20 96 96
12 7566 20 96 96
12 7567 20 96 96
12 7568 20 96 96
12 7569 20 96 96
12 7570 20 96 96
12 7571 20 96 96
12 7572 20 96 96
12 7573 20 96 96
12 7574 20 96 96
12 7575 20 48 48
12 7576 20 48 48
12 7577 20 48 48
12 7578 20 48 48
12 7579 20 48 48
12 7580 20 48 48
12 7581 20 48 48
12 7582 20 48 48
12 7583 20 48 48
12 7584 20 48 48
12 7585 20 48 48
12 7586 20 36 36
12 7587 20 48 48
12 7588 20 48 48
12 7589 20 48 48
12 7590 20 48 48
12 7591 20 48 48
12 7592 20 48 48
12 7593 20 72 72
12 7594 20 150 150
